2501,Playstation,Regular,0,1
2502,Playstation,Regular,0,2
2503,Playstation,Regular,0,3
2504,Playstation,Regular,0,4
2505,Playstation,Regular,0,5
2506,Playstation,Regular,0,6
2507,Playstation,Regular,0,7
2508,Playstation,Regular,0,8
2509,Playstation,Regular,0,9
2510,Playstation,Regular,0,10
2511,Playstation,Regular,0,11
2512,Playstation,Regular,0,12
2513,Playstation,Regular,0,13
2514,Playstation,Regular,0,14
2515,Playstation,Regular,0,15
2516,Playstation,Regular,0,16
2517,Playstation,Regular,0,17
2518,Playstation,Regular,0,18
2519,Playstation,Regular,0,19
2520,Playstation,Regular,0,20
2521,Playstation,Regular,0,21
2522,Playstation,Regular,0,22
2523,Playstation,Regular,0,23
2524,Playstation,Regular,0,24
2525,Playstation,Regular,0,25
2526,Playstation,Regular,0,26
2527,Playstation,Regular,0,27
2528,Playstation,Regular,0,28
2529,Playstation,Regular,0,29
2530,Playstation,Regular,0,30
2531,Playstation,Regular,0,31
2532,Playstation,Regular,0,32
2533,Playstation,Regular,0,33
2534,Playstation,Regular,0,34
2535,Playstation,Regular,0,35
2536,Playstation,Regular,0,36
2537,Playstation,Regular,0,37
2538,Playstation,Regular,0,38
2539,Playstation,Regular,0,39
2540,Playstation,Regular,0,40
2541,Playstation,Regular,0,41
2542,Playstation,Regular,0,42
2543,Playstation,Regular,0,43
2544,Playstation,Regular,0,44
2545,Playstation,Regular,0,45
2546,Playstation,Regular,0,46
2547,Playstation,Regular,0,47
2548,Playstation,Regular,0,48
2549,Playstation,Regular,0,49
2550,Playstation,Regular,0,50
2551,Playstation,Regular,0,51
2552,Playstation,Regular,0,52
2553,Playstation,Regular,0,53
2554,Playstation,Regular,0,54
2555,Playstation,Regular,0,55
2556,Playstation,Regular,0,56
2557,Playstation,Regular,0,57
2558,Playstation,Regular,0,58
2559,Playstation,Regular,0,59
2560,Playstation,Regular,0,60
2561,Playstation,Regular,0,61
2562,Playstation,Regular,0,62
2563,Playstation,Regular,0,63
2564,Playstation,Regular,0,64
2565,Playstation,Regular,0,65
2566,Playstation,Regular,0,66
2567,Playstation,Regular,0,67
2568,Playstation,Regular,0,68
2569,Playstation,Regular,0,69
2570,Playstation,Regular,0,70
2571,Playstation,Regular,0,71
2572,Playstation,Regular,0,72
2573,Playstation,Regular,0,73
2574,Playstation,Regular,0,74
2575,Playstation,Regular,0,75
2576,Playstation,Regular,0,76
2577,Playstation,Regular,0,77
2578,Playstation,Regular,0,78
2579,Playstation,Regular,0,79
2580,Playstation,Regular,0,80
2581,Playstation,Regular,0,81
2582,Playstation,Regular,0,82
2583,Playstation,Regular,0,83
2584,Playstation,Regular,0,84
2585,Playstation,Regular,0,85
2586,Playstation,Regular,0,86
2587,Playstation,Regular,0,87
2588,Playstation,Regular,0,88
2589,Playstation,Regular,0,89
2590,Playstation,Regular,0,90
2591,Playstation,Regular,0,91
2592,Playstation,Regular,0,92
2593,Playstation,Regular,0,93
2594,Playstation,Regular,0,94
2595,Playstation,Regular,0,95
2596,Playstation,Regular,0,96
2597,Playstation,PSOne,0,97
2598,Playstation,PSOne,0,98
2599,Playstation,PSOne,0,99
2600,Playstation,PSOne,0,100
2601,Playstation,PSOne,0,101
2602,Playstation,PSOne,0,102
2603,Playstation,PSOne,0,103
2604,Playstation,PSOne,0,104
2605,Playstation,PSOne,0,105
2606,Playstation,PSOne,0,106
2607,Playstation,PSOne,0,107
2608,Playstation,PSOne,0,108
2609,Playstation,PSOne,0,109
2610,Playstation,PSOne,0,110
2611,Playstation,PSOne,0,111
2612,Playstation,PSOne,0,112
2613,Playstation,PSOne,0,113
2614,Playstation,PSOne,0,114
2615,Playstation,PSOne,0,115
2616,Playstation,PSOne,0,116
2617,Playstation,PSOne,0,117
2618,Playstation,PSOne,0,118
2619,Playstation,PSOne,0,119
2620,Playstation,PSOne,0,120
2621,Playstation,PSOne,0,121
2622,Playstation,PSOne,0,122
2623,Playstation,PSOne,0,123
2624,Playstation,PSOne,0,124
2625,Playstation,PSOne,0,125
2626,Playstation,PSOne,0,126
2627,Playstation,PSOne,0,127
2628,Playstation,PSOne,0,128
2629,Playstation,PSOne,0,129
2630,Playstation,PSOne,0,130
2631,Playstation,PSOne,0,131
2632,Playstation,PSOne,0,132
2633,Playstation,PSOne,0,133
2634,Playstation,PSOne,0,134
2635,Playstation,PSOne,0,135
2636,Playstation,PSOne,0,136
2637,Playstation,PSOne,0,137
2638,Playstation,PSOne,0,138
2639,Playstation,PSOne,0,139
2640,Playstation,PSOne,0,140
2641,Playstation,PSOne,0,141
2642,Playstation,PSOne,0,142
2643,Playstation,PSOne,0,143
2644,Playstation,PSOne,0,144
2645,Playstation,PSOne,0,145
2646,Playstation,PSOne,0,146
2647,Playstation,PSOne,0,147
2648,Playstation,PSOne,0,148
2649,Playstation,PSOne,0,149
2650,Playstation,PSOne,0,150
2651,Playstation,PSOne,0,151
2652,Playstation,PSOne,0,152
2653,Playstation,PSOne,0,153
2654,Playstation,PSOne,0,154
2655,Playstation,PSOne,0,155
2656,Playstation,PSOne,0,156
2657,Playstation,PSOne,0,157
2658,Playstation,PSOne,0,158
2659,Playstation,PSOne,0,159
2660,Playstation,PSOne,0,160
2661,Playstation,PSOne,0,161
2662,Playstation,PSOne,0,162
2663,Playstation,PSOne,0,163
2664,Playstation,PSOne,0,164
2665,Playstation,PSOne,0,165
2666,Playstation,PSOne,0,166
2667,Playstation,PSOne,0,167
2668,Playstation,PSOne,0,168
2669,Playstation,PSOne,0,169
2670,Playstation,PSOne,0,170
2671,Playstation,PSOne,0,171
2672,Playstation,PSOne,0,172
2673,Playstation,PSOne,0,173
2674,Playstation,PSOne,0,174
2675,Playstation,PSOne,0,175
2676,Playstation,PSOne,0,176
2677,Playstation,PSOne,0,177
2678,Playstation,PSOne,0,178
2679,Playstation,PSOne,0,179
2680,Playstation,PSOne,0,180
2681,Playstation,PSOne,0,181
2682,Playstation,PSOne,0,182
2683,Playstation,PSOne,0,183
2684,Playstation,PSOne,0,184
2685,Playstation,PSOne,0,185
2686,Playstation,PSOne,0,186
2687,Playstation,PSOne,0,187
2688,Playstation,PSOne,0,188
2689,Playstation,PSOne,0,189
2690,Playstation,PSOne,0,190
2691,Playstation,PSOne,0,191
2692,Playstation,PSOne,0,192
2693,Playstation,PSOne,0,193
2694,Playstation 2,Regular,1,194
2695,Playstation 2,Regular,1,195
2696,Playstation 2,Regular,1,196
2697,Playstation 2,Regular,1,197
2698,Playstation 2,Regular,1,198
2699,Playstation 2,Regular,1,199
2700,Playstation 2,Regular,1,200
2701,Playstation 2,Regular,1,201
2702,Playstation 2,Regular,1,202
2703,Playstation 2,Regular,1,203
2704,Playstation 2,Regular,1,204
2705,Playstation 2,Regular,1,205
2706,Playstation 2,Regular,1,206
2707,Playstation 2,Regular,1,207
2708,Playstation 2,Regular,1,208
2709,Playstation 2,Regular,1,209
2710,Playstation 2,Regular,1,210
2711,Playstation 2,Regular,1,211
2712,Playstation 2,Regular,1,212
2713,Playstation 2,Regular,1,213
2714,Playstation 2,Regular,1,214
2715,Playstation 2,Regular,1,215
2716,Playstation 2,Regular,1,216
2717,Playstation 2,Regular,1,217
2718,Playstation 2,Regular,1,218
2719,Playstation 2,Regular,1,219
2720,Playstation 2,Regular,1,220
2721,Playstation 2,Regular,1,221
2722,Playstation 2,Regular,1,222
2723,Playstation 2,Regular,1,223
2724,Playstation 2,Regular,1,224
2725,Playstation 2,Regular,1,225
2726,Playstation 2,Regular,1,226
2727,Playstation 2,Regular,1,227
2728,Playstation 2,Regular,1,228
2729,Playstation 2,Regular,1,229
2730,Playstation 2,Regular,1,230
2731,Playstation 2,Regular,1,231
2732,Playstation 2,Regular,1,232
2733,Playstation 2,Regular,1,233
2734,Playstation 2,Regular,1,234
2735,Playstation 2,Regular,1,235
2736,Playstation 2,Regular,1,236
2737,Playstation 2,Regular,1,237
2738,Playstation 2,Regular,1,238
2739,Playstation 2,Regular,1,239
2740,Playstation 2,Regular,1,240
2741,Playstation 2,Regular,1,241
2742,Playstation 2,Regular,1,242
2743,Playstation 2,Regular,1,243
2744,Playstation 2,Regular,1,244
2745,Playstation 2,Regular,1,245
2746,Playstation 2,Regular,1,246
2747,Playstation 2,Regular,1,247
2748,Playstation 2,Regular,1,248
2749,Playstation 2,Regular,1,249
2750,Playstation 2,Regular,1,250
2751,Playstation 2,Regular,1,251
2752,Playstation 2,Regular,1,252
2753,Playstation 2,Regular,1,253
2754,Playstation 2,Regular,1,254
2755,Playstation 2,Regular,1,255
2756,Playstation 2,Regular,1,256
2757,Playstation 2,Regular,1,257
2758,Playstation 2,Regular,1,258
2759,Playstation 2,Regular,1,259
2760,Playstation 2,Regular,1,260
2761,Playstation 2,Regular,1,261
2762,Playstation 2,Regular,1,262
2763,Playstation 2,Regular,1,263
2764,Playstation 2,Regular,1,264
2765,Playstation 2,Regular,1,265
2766,Playstation 2,Regular,1,266
2767,Playstation 2,Regular,1,267
2768,Playstation 2,Regular,1,268
2769,Playstation 2,Regular,1,269
2770,Playstation 2,Regular,1,270
2771,Playstation 2,Regular,1,271
2772,Playstation 2,Regular,1,272
2773,Playstation 2,Regular,1,273
2774,Playstation 2,Regular,1,274
2775,Playstation 2,Regular,1,275
2776,Playstation 2,Regular,1,276
2777,Playstation 2,Regular,1,277
2778,Playstation 2,Regular,1,278
2779,Playstation 2,Regular,1,279
2780,Playstation 2,Regular,1,280
2781,Playstation 2,Regular,1,281
2782,Playstation 2,Regular,1,282
2783,Playstation 2,Regular,1,283
2784,Playstation 2,Regular,1,284
2785,Playstation 2,Regular,1,285
2786,Playstation 2,Regular,1,286
2787,Playstation 2,Regular,1,287
2788,Playstation 2,Regular,1,288
2789,Playstation 2,Regular,1,289
2790,Playstation 2,Regular,1,290
2791,Playstation 2,Slim,1,291
2792,Playstation 2,Slim,1,292
2793,Playstation 2,Slim,1,293
2794,Playstation 2,Slim,1,294
2795,Playstation 2,Slim,1,295
2796,Playstation 2,Slim,1,296
2797,Playstation 2,Slim,1,297
2798,Playstation 2,Slim,1,298
2799,Playstation 2,Slim,1,299
2800,Playstation 2,Slim,1,300
2801,Playstation 2,Slim,1,301
2802,Playstation 2,Slim,1,302
2803,Playstation 2,Slim,1,303
2804,Playstation 2,Slim,1,304
2805,Playstation 2,Slim,1,305
2806,Playstation 2,Slim,1,306
2807,Playstation 2,Slim,1,307
2808,Playstation 2,Slim,1,308
2809,Playstation 2,Slim,1,309
2810,Playstation 2,Slim,1,310
2811,Playstation 2,Slim,1,311
2812,Playstation 2,Slim,1,312
2813,Playstation 2,Slim,1,313
2814,Playstation 2,Slim,1,314
2815,Playstation 2,Slim,1,315
2816,Playstation 2,Slim,1,316
2817,Playstation 2,Slim,1,317
2818,Playstation 2,Slim,1,318
2819,Playstation 2,Slim,1,319
2820,Playstation 2,Slim,1,320
2821,Playstation 2,Slim,1,321
2822,Playstation 2,Slim,1,322
2823,Playstation 2,Slim,1,323
2824,Playstation 2,Slim,1,324
2825,Playstation 2,Slim,1,325
2826,Playstation 2,Slim,1,326
2827,Playstation 2,Slim,1,327
2828,Playstation 2,Slim,1,328
2829,Playstation 2,Slim,1,329
2830,Playstation 2,Slim,1,330
2831,Playstation 2,Slim,1,331
2832,Playstation 2,Slim,1,332
2833,Playstation 2,Slim,1,333
2834,Playstation 2,Slim,1,334
2835,Playstation 2,Slim,1,335
2836,Playstation 2,Slim,1,336
2837,Playstation 2,Slim,1,337
2838,Playstation 2,Slim,1,338
2839,Playstation 2,Slim,1,339
2840,Playstation 2,Slim,1,340
2841,Playstation 2,Slim,1,341
2842,Playstation 2,Slim,1,342
2843,Playstation 2,Slim,1,343
2844,Playstation 2,Slim,1,344
2845,Playstation 2,Slim,1,345
2846,Playstation 2,Slim,1,346
2847,Playstation 2,Slim,1,347
2848,Playstation 2,Slim,1,348
2849,Playstation 2,Slim,1,349
2850,Playstation 2,Slim,1,350
2851,Playstation 2,Slim,1,351
2852,Playstation 2,Slim,1,352
2853,Playstation 2,Slim,1,353
2854,Playstation 2,Slim,1,354
2855,Playstation 2,Slim,1,355
2856,Playstation 2,Slim,1,356
2857,Playstation 2,Slim,1,357
2858,Playstation 2,Slim,1,358
2859,Playstation 2,Slim,1,359
2860,Playstation 2,Slim,1,360
2861,Playstation 2,Slim,1,361
2862,Playstation 2,Slim,1,362
2863,Playstation 2,Slim,1,363
2864,Playstation 2,Slim,1,364
2865,Playstation 2,Slim,1,365
2866,Playstation 2,Slim,1,366
2867,Playstation 2,Slim,1,367
2868,Playstation 2,Slim,1,368
2869,Playstation 2,Slim,1,369
2870,Playstation 2,Slim,1,370
2871,Playstation 2,Slim,1,371
2872,Playstation 2,Slim,1,372
2873,Playstation 2,Slim,1,373
2874,Playstation 2,Slim,1,374
2875,Playstation 2,Slim,1,375
2876,Playstation 2,Slim,1,376
2877,Playstation 2,Slim,1,377
2878,Playstation 2,Slim,1,378
2879,Playstation 2,Slim,1,379
2880,Playstation 2,Slim,1,380
2881,Playstation 2,Slim,1,381
2882,Playstation 2,Slim,1,382
2883,Playstation 2,Slim,1,383
2884,Playstation 2,Slim,1,384
2885,Playstation 2,Slim,1,385
2886,Playstation 3,Regular,1,386
2887,Playstation 3,Regular,1,387
2888,Playstation 3,Regular,1,388
2889,Playstation 3,Regular,1,389
2890,Playstation 3,Regular,1,390
2891,Playstation 3,Regular,1,391
2892,Playstation 3,Regular,1,392
2893,Playstation 3,Regular,1,393
2894,Playstation 3,Regular,1,394
2895,Playstation 3,Regular,1,395
2896,Playstation 3,Regular,1,396
2897,Playstation 3,Regular,1,397
2898,Playstation 3,Regular,1,398
2899,Playstation 3,Regular,1,399
2900,Playstation 3,Regular,1,400
2901,Playstation 3,Regular,1,401
2902,Playstation 3,Regular,1,402
2903,Playstation 3,Regular,1,403
2904,Playstation 3,Regular,1,404
2905,Playstation 3,Regular,1,405
2906,Playstation 3,Regular,1,406
2907,Playstation 3,Regular,1,407
2908,Playstation 3,Regular,1,408
2909,Playstation 3,Regular,1,409
2910,Playstation 3,Regular,1,410
2911,Playstation 3,Regular,1,411
2912,Playstation 3,Regular,1,412
2913,Playstation 3,Regular,1,413
2914,Playstation 3,Regular,1,414
2915,Playstation 3,Regular,1,415
2916,Playstation 3,Regular,1,416
2917,Playstation 3,Regular,1,417
2918,Playstation 3,Regular,1,418
2919,Playstation 3,Regular,1,419
2920,Playstation 3,Regular,1,420
2921,Playstation 3,Regular,1,421
2922,Playstation 3,Regular,1,422
2923,Playstation 3,Regular,1,423
2924,Playstation 3,Regular,1,424
2925,Playstation 3,Regular,1,425
2926,Playstation 3,Regular,1,426
2927,Playstation 3,Regular,1,427
2928,Playstation 3,Regular,1,428
2929,Playstation 3,Regular,1,429
2930,Playstation 3,Regular,1,430
2931,Playstation 3,Regular,1,431
2932,Playstation 3,Regular,1,432
2933,Playstation 3,Regular,1,433
2934,Playstation 3,Regular,1,434
2935,Playstation 3,Regular,1,435
2936,Playstation 3,Regular,1,436
2937,Playstation 3,Regular,1,437
2938,Playstation 3,Regular,1,438
2939,Playstation 3,Regular,1,439
2940,Playstation 3,Regular,1,440
2941,Playstation 3,Regular,1,441
2942,Playstation 3,Regular,1,442
2943,Playstation 3,Regular,1,443
2944,Playstation 3,Regular,1,444
2945,Playstation 3,Regular,1,445
2946,Playstation 3,Regular,1,446
2947,Playstation 3,Regular,1,447
2948,Playstation 3,Regular,1,448
2949,Playstation 3,Regular,1,449
2950,Playstation 3,Regular,1,450
2951,Playstation 3,Regular,1,451
2952,Playstation 3,Regular,1,452
2953,Playstation 3,Regular,1,453
2954,Playstation 3,Regular,1,454
2955,Playstation 3,Regular,1,455
2956,Playstation 3,Regular,1,456
2957,Playstation 3,Regular,1,457
2958,Playstation 3,Regular,1,458
2959,Playstation 3,Regular,1,459
2960,Playstation 3,Regular,1,460
2961,Playstation 3,Regular,1,461
2962,Playstation 3,Regular,1,462
2963,Playstation 3,Regular,1,463
2964,Playstation 3,Regular,1,464
2965,Playstation 3,Regular,1,465
2966,Playstation 3,Regular,1,466
2967,Playstation 3,Regular,1,467
2968,Playstation 3,Regular,1,468
2969,Playstation 3,Regular,1,469
2970,Playstation 3,Regular,1,470
2971,Playstation 3,Regular,1,471
2972,Playstation 3,Regular,1,472
2973,Playstation 3,Regular,1,473
2974,Playstation 3,Regular,1,474
2975,Playstation 3,Regular,1,475
2976,Playstation 3,Regular,1,476
2977,Playstation 3,Regular,1,477
2978,Playstation 3,Regular,1,478
2979,Playstation 3,Regular,1,479
2980,Playstation 3,Regular,1,480
2981,Playstation 3,Regular,1,481
2982,Playstation 3,Regular,1,482
2983,Playstation 3,Slim,0,483
2984,Playstation 3,Slim,0,484
2985,Playstation 3,Slim,0,485
2986,Playstation 3,Slim,0,486
2987,Playstation 3,Slim,0,487
2988,Playstation 3,Slim,0,488
2989,Playstation 3,Slim,0,489
2990,Playstation 3,Slim,0,490
2991,Playstation 3,Slim,0,491
2992,Playstation 3,Slim,0,492
2993,Playstation 3,Slim,0,493
2994,Playstation 3,Slim,0,494
2995,Playstation 3,Slim,0,495
2996,Playstation 3,Slim,0,496
2997,Playstation 3,Slim,0,497
2998,Playstation 3,Slim,0,498
2999,Playstation 3,Slim,0,499
3000,Playstation 3,Slim,0,500
3001,Playstation 3,Slim,0,501
3002,Playstation 3,Slim,0,502
3003,Playstation 3,Slim,0,503
3004,Playstation 3,Slim,0,504
3005,Playstation 3,Slim,0,505
3006,Playstation 3,Slim,0,506
3007,Playstation 3,Slim,0,507
3008,Playstation 3,Slim,0,508
3009,Playstation 3,Slim,0,509
3010,Playstation 3,Slim,0,510
3011,Playstation 3,Slim,0,511
3012,Playstation 3,Slim,0,512
3013,Playstation 3,Slim,0,513
3014,Playstation 3,Slim,0,514
3015,Playstation 3,Slim,0,515
3016,Playstation 3,Slim,0,516
3017,Playstation 3,Slim,0,517
3018,Playstation 3,Slim,0,518
3019,Playstation 3,Slim,0,519
3020,Playstation 3,Slim,0,520
3021,Playstation 3,Slim,0,521
3022,Playstation 3,Slim,0,522
3023,Playstation 3,Slim,0,523
3024,Playstation 3,Slim,0,524
3025,Playstation 3,Slim,0,525
3026,Playstation 3,Slim,0,526
3027,Playstation 3,Slim,0,527
3028,Playstation 3,Slim,0,528
3029,Playstation 3,Slim,0,529
3030,Playstation 3,Slim,0,530
3031,Playstation 3,Slim,0,531
3032,Playstation 3,Slim,0,532
3033,Playstation 3,Slim,0,533
3034,Playstation 3,Slim,0,534
3035,Playstation 3,Slim,0,535
3036,Playstation 3,Slim,0,536
3037,Playstation 3,Slim,0,537
3038,Playstation 3,Slim,0,538
3039,Playstation 3,Slim,0,539
3040,Playstation 3,Slim,0,540
3041,Playstation 3,Slim,0,541
3042,Playstation 3,Slim,0,542
3043,Playstation 3,Slim,0,543
3044,Playstation 3,Slim,0,544
3045,Playstation 3,Slim,0,545
3046,Playstation 3,Slim,0,546
3047,Playstation 3,Slim,0,547
3048,Playstation 3,Slim,0,548
3049,Playstation 3,Slim,0,549
3050,Playstation 3,Slim,0,550
3051,Playstation 3,Slim,0,551
3052,Playstation 3,Slim,0,552
3053,Playstation 3,Slim,0,553
3054,Playstation 3,Slim,0,554
3055,Playstation 3,Slim,0,555
3056,Playstation 3,Slim,0,556
3057,Playstation 3,Slim,0,557
3058,Playstation 3,Slim,0,558
3059,Playstation 3,Slim,0,559
3060,Playstation 3,Slim,0,560
3061,Playstation 3,Slim,0,561
3062,Playstation 3,Slim,0,562
3063,Playstation 3,Slim,0,563
3064,Playstation 3,Slim,0,564
3065,Playstation 3,Slim,0,565
3066,Playstation 3,Slim,0,566
3067,Playstation 3,Slim,0,567
3068,Playstation 3,Slim,0,568
3069,Playstation 3,Slim,0,569
3070,Playstation 3,Slim,0,570
3071,Playstation 3,Slim,0,571
3072,Playstation 3,Slim,0,572
3073,Playstation 3,Slim,0,573
3074,Playstation 3,Slim,0,574
3075,Playstation 3,Slim,0,575
3076,Playstation 3,Slim,0,576
3077,Playstation 3,Slim,0,577
3078,Xbox,Regular,0,578
3079,Xbox,Regular,0,579
3080,Xbox,Regular,0,580
3081,Xbox,Regular,0,581
3082,Xbox,Regular,0,582
3083,Xbox,Regular,0,583
3084,Xbox,Regular,0,584
3085,Xbox,Regular,0,585
3086,Xbox,Regular,0,586
3087,Xbox,Regular,0,587
3088,Xbox,Regular,0,588
3089,Xbox,Regular,0,589
3090,Xbox,Regular,0,590
3091,Xbox,Regular,0,591
3092,Xbox,Regular,0,592
3093,Xbox,Regular,0,593
3094,Xbox,Regular,0,594
3095,Xbox,Regular,0,595
3096,Xbox,Regular,0,596
3097,Xbox,Regular,0,597
3098,Xbox,Regular,0,598
3099,Xbox,Regular,0,599
3100,Xbox,Regular,0,600
3101,Xbox,Regular,0,601
3102,Xbox,Regular,0,602
3103,Xbox,Regular,0,603
3104,Xbox,Regular,0,604
3105,Xbox,Regular,0,605
3106,Xbox,Regular,0,606
3107,Xbox,Regular,0,607
3108,Xbox,Regular,0,608
3109,Xbox,Regular,0,609
3110,Xbox,Regular,0,610
3111,Xbox,Regular,0,611
3112,Xbox,Regular,0,612
3113,Xbox,Regular,0,613
3114,Xbox,Regular,0,614
3115,Xbox,Regular,0,615
3116,Xbox,Regular,0,616
3117,Xbox,Regular,0,617
3118,Xbox,Regular,0,618
3119,Xbox,Regular,0,619
3120,Xbox,Regular,0,620
3121,Xbox,Regular,0,621
3122,Xbox,Regular,0,622
3123,Xbox,Regular,0,623
3124,Xbox,Regular,0,624
3125,Xbox,Regular,0,625
3126,Xbox,Regular,0,626
3127,Xbox,Regular,0,627
3128,Xbox,Regular,0,628
3129,Xbox,Regular,0,629
3130,Xbox,Regular,0,630
3131,Xbox,Regular,0,631
3132,Xbox,Regular,0,632
3133,Xbox,Regular,0,633
3134,Xbox,Regular,0,634
3135,Xbox,Regular,0,635
3136,Xbox,Regular,0,636
3137,Xbox,Regular,0,637
3138,Xbox,Regular,0,638
3139,Xbox,Regular,0,639
3140,Xbox,Regular,0,640
3141,Xbox,Regular,0,641
3142,Xbox,Regular,0,642
3143,Xbox,Regular,0,643
3144,Xbox,Regular,0,644
3145,Xbox,Regular,0,645
3146,Xbox,Regular,0,646
3147,Xbox,Regular,0,647
3148,Xbox,Regular,0,648
3149,Xbox,Regular,0,649
3150,Xbox,Regular,0,650
3151,Xbox,Regular,0,651
3152,Xbox,Regular,0,652
3153,Xbox,Regular,0,653
3154,Xbox,Regular,0,654
3155,Xbox,Regular,0,655
3156,Xbox,Regular,0,656
3157,Xbox,Regular,0,657
3158,Xbox,Regular,0,658
3159,Xbox,Regular,0,659
3160,Xbox,Regular,0,660
3161,Xbox,Regular,0,661
3162,Xbox,Regular,0,662
3163,Xbox,Regular,0,663
3164,Xbox,Regular,0,664
3165,Xbox,Regular,0,665
3166,Xbox,Regular,0,666
3167,Xbox,Regular,0,667
3168,Xbox,Regular,0,668
3169,Xbox,Regular,0,669
3170,Xbox,Regular,0,670
3171,Xbox,Regular,0,671
3172,Xbox,Regular,0,672
3173,Xbox,Regular,0,673
3174,Xbox,Regular,0,674
3175,Xbox,Regular,0,675
3176,Xbox,Regular,0,676
3177,Xbox,Regular,0,677
3178,Xbox,Regular,0,678
3179,Xbox,Regular,0,679
3180,Xbox,Regular,0,680
3181,Xbox,Regular,0,681
3182,Xbox,Regular,0,682
3183,Xbox,Regular,0,683
3184,Xbox,Regular,0,684
3185,Xbox,Regular,0,685
3186,Xbox,Regular,0,686
3187,Xbox,Regular,0,687
3188,Xbox,Regular,0,688
3189,Xbox,Regular,0,689
3190,Xbox,Regular,0,690
3191,Xbox,Regular,0,691
3192,Xbox,Regular,0,692
3193,Xbox,Regular,0,693
3194,Xbox,Regular,0,694
3195,Xbox,Regular,0,695
3196,Xbox,Regular,0,696
3197,Xbox,Regular,0,697
3198,Xbox,Regular,0,698
3199,Xbox,Regular,0,699
3200,Xbox,Regular,0,700
3201,Xbox,Regular,0,701
3202,Xbox,Regular,0,702
3203,Xbox,Regular,0,703
3204,Xbox,Regular,0,704
3205,Xbox,Regular,0,705
3206,Xbox,Regular,0,706
3207,Xbox,Regular,0,707
3208,Xbox,Regular,0,708
3209,Xbox,Regular,0,709
3210,Xbox,Regular,0,710
3211,Xbox,Regular,0,711
3212,Xbox,Regular,0,712
3213,Xbox,Regular,0,713
3214,Xbox,Regular,0,714
3215,Xbox,Regular,0,715
3216,Xbox,Regular,0,716
3217,Xbox,Regular,0,717
3218,Xbox,Regular,0,718
3219,Xbox,Regular,0,719
3220,Xbox,Regular,0,720
3221,Xbox,Regular,0,721
3222,Xbox,Regular,0,722
3223,Xbox,Regular,0,723
3224,Xbox,Regular,0,724
3225,Xbox,Regular,0,725
3226,Xbox,Regular,0,726
3227,Xbox,Regular,0,727
3228,Xbox,Regular,0,728
3229,Xbox,Regular,0,729
3230,Xbox,Regular,0,730
3231,Xbox,Regular,0,731
3232,Xbox,Regular,0,732
3233,Xbox,Regular,0,733
3234,Xbox,Regular,0,734
3235,Xbox,Regular,0,735
3236,Xbox,Regular,0,736
3237,Xbox,Regular,0,737
3238,Xbox,Regular,0,738
3239,Xbox,Regular,0,739
3240,Xbox,Regular,0,740
3241,Xbox,Regular,0,741
3242,Xbox,Regular,0,742
3243,Xbox,Regular,0,743
3244,Xbox,Regular,0,744
3245,Xbox,Regular,0,745
3246,Xbox,Regular,0,746
3247,Xbox,Regular,0,747
3248,Xbox,Regular,0,748
3249,Xbox,Regular,0,749
3250,Xbox,Regular,0,750
3251,Xbox,Regular,0,751
3252,Xbox,Regular,0,752
3253,Xbox,Regular,0,753
3254,Xbox,Regular,0,754
3255,Xbox,Regular,0,755
3256,Xbox,Regular,0,756
3257,Xbox,Regular,0,757
3258,Xbox,Regular,0,758
3259,Xbox,Regular,0,759
3260,Xbox,Regular,0,760
3261,Xbox,Regular,0,761
3262,Xbox,Regular,0,762
3263,Xbox,Regular,0,763
3264,Xbox,Regular,0,764
3265,Xbox,Regular,0,765
3266,Xbox,Regular,0,766
3267,Xbox,Regular,0,767
3268,Xbox,Regular,0,768
3269,Xbox,Regular,0,769
3270,Xbox 360,Regular,0,770
3271,Xbox 360,Regular,0,771
3272,Xbox 360,Regular,0,772
3273,Xbox 360,Regular,0,773
3274,Xbox 360,Regular,0,774
3275,Xbox 360,Regular,0,775
3276,Xbox 360,Regular,0,776
3277,Xbox 360,Regular,0,777
3278,Xbox 360,Regular,0,778
3279,Xbox 360,Regular,0,779
3280,Xbox 360,Regular,0,780
3281,Xbox 360,Regular,0,781
3282,Xbox 360,Regular,0,782
3283,Xbox 360,Regular,0,783
3284,Xbox 360,Regular,0,784
3285,Xbox 360,Regular,0,785
3286,Xbox 360,Regular,0,786
3287,Xbox 360,Regular,0,787
3288,Xbox 360,Regular,0,788
3289,Xbox 360,Regular,0,789
3290,Xbox 360,Regular,0,790
3291,Xbox 360,Regular,0,791
3292,Xbox 360,Regular,0,792
3293,Xbox 360,Regular,0,793
3294,Xbox 360,Regular,0,794
3295,Xbox 360,Regular,0,795
3296,Xbox 360,Regular,0,796
3297,Xbox 360,Regular,0,797
3298,Xbox 360,Regular,0,798
3299,Xbox 360,Regular,0,799
3300,Xbox 360,Regular,0,800
3301,Xbox 360,Regular,0,801
3302,Xbox 360,Regular,0,802
3303,Xbox 360,Core,0,803
3304,Xbox 360,Core,0,804
3305,Xbox 360,Core,0,805
3306,Xbox 360,Core,0,806
3307,Xbox 360,Core,0,807
3308,Xbox 360,Core,0,808
3309,Xbox 360,Core,0,809
3310,Xbox 360,Core,0,810
3311,Xbox 360,Core,0,811
3312,Xbox 360,Core,0,812
3313,Xbox 360,Core,0,813
3314,Xbox 360,Core,0,814
3315,Xbox 360,Core,0,815
3316,Xbox 360,Core,0,816
3317,Xbox 360,Core,0,817
3318,Xbox 360,Core,0,818
3319,Xbox 360,Core,0,819
3320,Xbox 360,Core,0,820
3321,Xbox 360,Core,0,821
3322,Xbox 360,Core,0,822
3323,Xbox 360,Core,0,823
3324,Xbox 360,Core,0,824
3325,Xbox 360,Core,0,825
3326,Xbox 360,Core,0,826
3327,Xbox 360,Core,0,827
3328,Xbox 360,Core,0,828
3329,Xbox 360,Core,0,829
3330,Xbox 360,Core,0,830
3331,Xbox 360,Core,0,831
3332,Xbox 360,Core,0,832
3333,Xbox 360,Core,0,833
3334,Xbox 360,Core,0,834
3335,Xbox 360,Premium,0,835
3336,Xbox 360,Premium,0,836
3337,Xbox 360,Premium,0,837
3338,Xbox 360,Premium,0,838
3339,Xbox 360,Premium,0,839
3340,Xbox 360,Premium,0,840
3341,Xbox 360,Premium,0,841
3342,Xbox 360,Premium,0,842
3343,Xbox 360,Premium,0,843
3344,Xbox 360,Premium,0,844
3345,Xbox 360,Premium,0,845
3346,Xbox 360,Premium,0,846
3347,Xbox 360,Premium,0,847
3348,Xbox 360,Premium,0,848
3349,Xbox 360,Premium,0,849
3350,Xbox 360,Premium,0,850
3351,Xbox 360,Premium,0,851
3352,Xbox 360,Premium,0,852
3353,Xbox 360,Premium,0,853
3354,Xbox 360,Premium,0,854
3355,Xbox 360,Premium,0,855
3356,Xbox 360,Premium,0,856
3357,Xbox 360,Premium,0,857
3358,Xbox 360,Premium,0,858
3359,Xbox 360,Premium,0,859
3360,Xbox 360,Premium,0,860
3361,Xbox 360,Premium,0,861
3362,Xbox 360,Premium,0,862
3363,Xbox 360,Premium,0,863
3364,Xbox 360,Premium,0,864
3365,Xbox 360,Premium,0,865
3366,Xbox 360,Premium,0,866
3367,Xbox 360,Elite,0,867
3368,Xbox 360,Elite,0,868
3369,Xbox 360,Elite,0,869
3370,Xbox 360,Elite,0,870
3371,Xbox 360,Elite,0,871
3372,Xbox 360,Elite,0,872
3373,Xbox 360,Elite,0,873
3374,Xbox 360,Elite,0,874
3375,Xbox 360,Elite,0,875
3376,Xbox 360,Elite,0,876
3377,Xbox 360,Elite,0,877
3378,Xbox 360,Elite,0,878
3379,Xbox 360,Elite,0,879
3380,Xbox 360,Elite,0,880
3381,Xbox 360,Elite,0,881
3382,Xbox 360,Elite,0,882
3383,Xbox 360,Elite,0,883
3384,Xbox 360,Elite,0,884
3385,Xbox 360,Elite,0,885
3386,Xbox 360,Elite,0,886
3387,Xbox 360,Elite,0,887
3388,Xbox 360,Elite,0,888
3389,Xbox 360,Elite,0,889
3390,Xbox 360,Elite,0,890
3391,Xbox 360,Elite,0,891
3392,Xbox 360,Elite,0,892
3393,Xbox 360,Elite,0,893
3394,Xbox 360,Elite,0,894
3395,Xbox 360,Elite,0,895
3396,Xbox 360,Elite,0,896
3397,Xbox 360,Elite,0,897
3398,Xbox 360,Elite,0,898
3399,Xbox 360,Arcade,0,899
3400,Xbox 360,Arcade,0,900
3401,Xbox 360,Arcade,0,901
3402,Xbox 360,Arcade,0,902
3403,Xbox 360,Arcade,0,903
3404,Xbox 360,Arcade,0,904
3405,Xbox 360,Arcade,0,905
3406,Xbox 360,Arcade,0,906
3407,Xbox 360,Arcade,0,907
3408,Xbox 360,Arcade,0,908
3409,Xbox 360,Arcade,0,909
3410,Xbox 360,Arcade,0,910
3411,Xbox 360,Arcade,0,911
3412,Xbox 360,Arcade,0,912
3413,Xbox 360,Arcade,0,913
3414,Xbox 360,Arcade,0,914
3415,Xbox 360,Arcade,0,915
3416,Xbox 360,Arcade,0,916
3417,Xbox 360,Arcade,0,917
3418,Xbox 360,Arcade,0,918
3419,Xbox 360,Arcade,0,919
3420,Xbox 360,Arcade,0,920
3421,Xbox 360,Arcade,0,921
3422,Xbox 360,Arcade,0,922
3423,Xbox 360,Arcade,0,923
3424,Xbox 360,Arcade,0,924
3425,Xbox 360,Arcade,0,925
3426,Xbox 360,Arcade,0,926
3427,Xbox 360,Arcade,0,927
3428,Xbox 360,Arcade,0,928
3429,Xbox 360,Arcade,0,929
3430,Xbox 360,Arcade,0,930
3431,Xbox 360,Super Elite,0,931
3432,Xbox 360,Super Elite,0,932
3433,Xbox 360,Super Elite,0,933
3434,Xbox 360,Super Elite,0,934
3435,Xbox 360,Super Elite,0,935
3436,Xbox 360,Super Elite,0,936
3437,Xbox 360,Super Elite,0,937
3438,Xbox 360,Super Elite,0,938
3439,Xbox 360,Super Elite,0,939
3440,Xbox 360,Super Elite,0,940
3441,Xbox 360,Super Elite,0,941
3442,Xbox 360,Super Elite,0,942
3443,Xbox 360,Super Elite,0,943
3444,Xbox 360,Super Elite,0,944
3445,Xbox 360,Super Elite,0,945
3446,Xbox 360,Super Elite,0,946
3447,Xbox 360,Super Elite,0,947
3448,Xbox 360,Super Elite,0,948
3449,Xbox 360,Super Elite,0,949
3450,Xbox 360,Super Elite,0,950
3451,Xbox 360,Super Elite,0,951
3452,Xbox 360,Super Elite,0,952
3453,Xbox 360,Super Elite,0,953
3454,Xbox 360,Super Elite,0,954
3455,Xbox 360,Super Elite,0,955
3456,Xbox 360,Super Elite,0,956
3457,Xbox 360,Super Elite,0,957
3458,Xbox 360,Super Elite,0,958
3459,Xbox 360,Super Elite,0,959
3460,Xbox 360,Super Elite,0,960
3461,Xbox 360,Super Elite,0,961
3462,Dreamcast,Regular,0,962
3463,Dreamcast,Regular,0,963
3464,Dreamcast,Regular,0,964
3465,Dreamcast,Regular,0,965
3466,Dreamcast,Regular,0,966
3467,Dreamcast,Regular,0,967
3468,Dreamcast,Regular,0,968
3469,Dreamcast,Regular,0,969
3470,Dreamcast,Regular,0,970
3471,Dreamcast,Regular,0,971
3472,Dreamcast,Regular,0,972
3473,Dreamcast,Regular,0,973
3474,Dreamcast,Regular,0,974
3475,Dreamcast,Regular,0,975
3476,Dreamcast,Regular,0,976
3477,Dreamcast,Regular,0,977
3478,Dreamcast,Regular,0,978
3479,Dreamcast,Regular,0,979
3480,Dreamcast,Regular,0,980
3481,Dreamcast,Regular,0,981
3482,Dreamcast,Regular,0,982
3483,Dreamcast,Regular,0,983
3484,Dreamcast,Regular,0,984
3485,Dreamcast,Regular,0,985
3486,Dreamcast,Regular,0,986
3487,Dreamcast,Regular,0,987
3488,Dreamcast,Regular,0,988
3489,Dreamcast,Regular,0,989
3490,Dreamcast,Regular,0,990
3491,Dreamcast,Regular,0,991
3492,Dreamcast,Regular,0,992
3493,Dreamcast,Regular,0,993
3494,Dreamcast,Regular,0,994
3495,Dreamcast,Regular,0,995
3496,Dreamcast,Regular,0,996
3497,Dreamcast,Regular,0,997
3498,Dreamcast,Regular,0,998
3499,Dreamcast,Regular,0,999
3500,Dreamcast,Regular,0,1000
3501,Dreamcast,Regular,0,1001
3502,Dreamcast,Regular,0,1002
3503,Dreamcast,Regular,0,1003
3504,Dreamcast,Regular,0,1004
3505,Dreamcast,Regular,0,1005
3506,Dreamcast,Regular,0,1006
3507,Dreamcast,Regular,0,1007
3508,Dreamcast,Regular,0,1008
3509,Dreamcast,Regular,0,1009
3510,Dreamcast,Regular,0,1010
3511,Dreamcast,Regular,0,1011
3512,Dreamcast,Regular,0,1012
3513,Dreamcast,Regular,0,1013
3514,Dreamcast,Regular,0,1014
3515,Dreamcast,Regular,0,1015
3516,Dreamcast,Regular,0,1016
3517,Dreamcast,Regular,0,1017
3518,Dreamcast,Regular,0,1018
3519,Dreamcast,Regular,0,1019
3520,Dreamcast,Regular,0,1020
3521,Dreamcast,Regular,0,1021
3522,Dreamcast,Regular,0,1022
3523,Dreamcast,Regular,0,1023
3524,Dreamcast,Regular,0,1024
3525,Dreamcast,Regular,0,1025
3526,Dreamcast,Regular,0,1026
3527,Dreamcast,Rare Divers 2000,0,1027
3528,Dreamcast,Rare Divers 2000,0,1028
3529,Dreamcast,Rare Divers 2000,0,1029
3530,Dreamcast,Rare Divers 2000,0,1030
3531,Dreamcast,Rare Divers 2000,0,1031
3532,Dreamcast,Rare Divers 2000,0,1032
3533,Dreamcast,Rare Divers 2000,0,1033
3534,Dreamcast,Rare Divers 2000,0,1034
3535,Dreamcast,Rare Divers 2000,0,1035
3536,Dreamcast,Rare Divers 2000,0,1036
3537,Dreamcast,Rare Divers 2000,0,1037
3538,Dreamcast,Rare Divers 2000,0,1038
3539,Dreamcast,Rare Divers 2000,0,1039
3540,Dreamcast,Rare Divers 2000,0,1040
3541,Dreamcast,Rare Divers 2000,0,1041
3542,Dreamcast,Rare Divers 2000,0,1042
3543,Dreamcast,Rare Divers 2000,0,1043
3544,Dreamcast,Rare Divers 2000,0,1044
3545,Dreamcast,Rare Divers 2000,0,1045
3546,Dreamcast,Rare Divers 2000,0,1046
3547,Dreamcast,Rare Divers 2000,0,1047
3548,Dreamcast,Rare Divers 2000,0,1048
3549,Dreamcast,Rare Divers 2000,0,1049
3550,Dreamcast,Rare Divers 2000,0,1050
3551,Dreamcast,Rare Divers 2000,0,1051
3552,Dreamcast,Rare Divers 2000,0,1052
3553,Dreamcast,Rare Divers 2000,0,1053
3554,Dreamcast,Rare Divers 2000,0,1054
3555,Dreamcast,Rare Divers 2000,0,1055
3556,Dreamcast,Rare Divers 2000,0,1056
3557,Dreamcast,Rare Divers 2000,0,1057
3558,Dreamcast,Rare Divers 2000,0,1058
3559,Dreamcast,Rare Divers 2000,0,1059
3560,Dreamcast,Rare Divers 2000,0,1060
3561,Dreamcast,Rare Divers 2000,0,1061
3562,Dreamcast,Rare Divers 2000,0,1062
3563,Dreamcast,Rare Divers 2000,0,1063
3564,Dreamcast,Rare Divers 2000,0,1064
3565,Dreamcast,Rare Divers 2000,0,1065
3566,Dreamcast,Rare Divers 2000,0,1066
3567,Dreamcast,Rare Divers 2000,0,1067
3568,Dreamcast,Rare Divers 2000,0,1068
3569,Dreamcast,Rare Divers 2000,0,1069
3570,Dreamcast,Rare Divers 2000,0,1070
3571,Dreamcast,Rare Divers 2000,0,1071
3572,Dreamcast,Rare Divers 2000,0,1072
3573,Dreamcast,Rare Divers 2000,0,1073
3574,Dreamcast,Rare Divers 2000,0,1074
3575,Dreamcast,Rare Divers 2000,0,1075
3576,Dreamcast,Rare Divers 2000,0,1076
3577,Dreamcast,Rare Divers 2000,0,1077
3578,Dreamcast,Rare Divers 2000,0,1078
3579,Dreamcast,Rare Divers 2000,0,1079
3580,Dreamcast,Rare Divers 2000,0,1080
3581,Dreamcast,Rare Divers 2000,0,1081
3582,Dreamcast,Rare Divers 2000,0,1082
3583,Dreamcast,Rare Divers 2000,0,1083
3584,Dreamcast,Rare Divers 2000,0,1084
3585,Dreamcast,Rare Divers 2000,0,1085
3586,Dreamcast,Rare Divers 2000,0,1086
3587,Dreamcast,Rare Divers 2000,0,1087
3588,Dreamcast,Rare Divers 2000,0,1088
3589,Dreamcast,Rare Divers 2000,0,1089
3590,Dreamcast,Rare Divers 2000,0,1090
3591,Dreamcast,Sega Sports,0,1091
3592,Dreamcast,Sega Sports,0,1092
3593,Dreamcast,Sega Sports,0,1093
3594,Dreamcast,Sega Sports,0,1094
3595,Dreamcast,Sega Sports,0,1095
3596,Dreamcast,Sega Sports,0,1096
3597,Dreamcast,Sega Sports,0,1097
3598,Dreamcast,Sega Sports,0,1098
3599,Dreamcast,Sega Sports,0,1099
3600,Dreamcast,Sega Sports,0,1100
3601,Dreamcast,Sega Sports,0,1101
3602,Dreamcast,Sega Sports,0,1102
3603,Dreamcast,Sega Sports,0,1103
3604,Dreamcast,Sega Sports,0,1104
3605,Dreamcast,Sega Sports,0,1105
3606,Dreamcast,Sega Sports,0,1106
3607,Dreamcast,Sega Sports,0,1107
3608,Dreamcast,Sega Sports,0,1108
3609,Dreamcast,Sega Sports,0,1109
3610,Dreamcast,Sega Sports,0,1110
3611,Dreamcast,Sega Sports,0,1111
3612,Dreamcast,Sega Sports,0,1112
3613,Dreamcast,Sega Sports,0,1113
3614,Dreamcast,Sega Sports,0,1114
3615,Dreamcast,Sega Sports,0,1115
3616,Dreamcast,Sega Sports,0,1116
3617,Dreamcast,Sega Sports,0,1117
3618,Dreamcast,Sega Sports,0,1118
3619,Dreamcast,Sega Sports,0,1119
3620,Dreamcast,Sega Sports,0,1120
3621,Dreamcast,Sega Sports,0,1121
3622,Dreamcast,Sega Sports,0,1122
3623,Dreamcast,Sega Sports,0,1123
3624,Dreamcast,Sega Sports,0,1124
3625,Dreamcast,Sega Sports,0,1125
3626,Dreamcast,Sega Sports,0,1126
3627,Dreamcast,Sega Sports,0,1127
3628,Dreamcast,Sega Sports,0,1128
3629,Dreamcast,Sega Sports,0,1129
3630,Dreamcast,Sega Sports,0,1130
3631,Dreamcast,Sega Sports,0,1131
3632,Dreamcast,Sega Sports,0,1132
3633,Dreamcast,Sega Sports,0,1133
3634,Dreamcast,Sega Sports,0,1134
3635,Dreamcast,Sega Sports,0,1135
3636,Dreamcast,Sega Sports,0,1136
3637,Dreamcast,Sega Sports,0,1137
3638,Dreamcast,Sega Sports,0,1138
3639,Dreamcast,Sega Sports,0,1139
3640,Dreamcast,Sega Sports,0,1140
3641,Dreamcast,Sega Sports,0,1141
3642,Dreamcast,Sega Sports,0,1142
3643,Dreamcast,Sega Sports,0,1143
3644,Dreamcast,Sega Sports,0,1144
3645,Dreamcast,Sega Sports,0,1145
3646,Dreamcast,Sega Sports,0,1146
3647,Dreamcast,Sega Sports,0,1147
3648,Dreamcast,Sega Sports,0,1148
3649,Dreamcast,Sega Sports,0,1149
3650,Dreamcast,Sega Sports,0,1150
3651,Dreamcast,Sega Sports,0,1151
3652,Dreamcast,Sega Sports,0,1152
3653,Dreamcast,Sega Sports,0,1153
3654,Nintendo 64,Regular,0,1154
3655,Nintendo 64,Regular,0,1155
3656,Nintendo 64,Regular,0,1156
3657,Nintendo 64,Regular,0,1157
3658,Nintendo 64,Regular,0,1158
3659,Nintendo 64,Regular,0,1159
3660,Nintendo 64,Regular,0,1160
3661,Nintendo 64,Regular,0,1161
3662,Nintendo 64,Regular,0,1162
3663,Nintendo 64,Regular,0,1163
3664,Nintendo 64,Regular,0,1164
3665,Nintendo 64,Regular,0,1165
3666,Nintendo 64,Regular,0,1166
3667,Nintendo 64,Regular,0,1167
3668,Nintendo 64,Regular,0,1168
3669,Nintendo 64,Regular,0,1169
3670,Nintendo 64,Regular,0,1170
3671,Nintendo 64,Regular,0,1171
3672,Nintendo 64,Regular,0,1172
3673,Nintendo 64,Regular,0,1173
3674,Nintendo 64,Regular,0,1174
3675,Nintendo 64,Regular,0,1175
3676,Nintendo 64,Regular,0,1176
3677,Nintendo 64,Regular,0,1177
3678,Nintendo 64,Regular,0,1178
3679,Nintendo 64,Regular,0,1179
3680,Nintendo 64,Regular,0,1180
3681,Nintendo 64,Regular,0,1181
3682,Nintendo 64,Regular,0,1182
3683,Nintendo 64,Regular,0,1183
3684,Nintendo 64,Regular,0,1184
3685,Nintendo 64,Regular,0,1185
3686,Nintendo 64,Regular,0,1186
3687,Nintendo 64,Regular,0,1187
3688,Nintendo 64,Regular,0,1188
3689,Nintendo 64,Regular,0,1189
3690,Nintendo 64,Regular,0,1190
3691,Nintendo 64,Regular,0,1191
3692,Nintendo 64,Regular,0,1192
3693,Nintendo 64,Regular,0,1193
3694,Nintendo 64,Regular,0,1194
3695,Nintendo 64,Regular,0,1195
3696,Nintendo 64,Regular,0,1196
3697,Nintendo 64,Regular,0,1197
3698,Nintendo 64,Regular,0,1198
3699,Nintendo 64,Regular,0,1199
3700,Nintendo 64,Regular,0,1200
3701,Nintendo 64,Regular,0,1201
3702,Nintendo 64,Regular,0,1202
3703,Nintendo 64,Regular,0,1203
3704,Nintendo 64,Regular,0,1204
3705,Nintendo 64,Regular,0,1205
3706,Nintendo 64,Regular,0,1206
3707,Nintendo 64,Regular,0,1207
3708,Nintendo 64,Regular,0,1208
3709,Nintendo 64,Regular,0,1209
3710,Nintendo 64,Regular,0,1210
3711,Nintendo 64,Regular,0,1211
3712,Nintendo 64,Regular,0,1212
3713,Nintendo 64,Regular,0,1213
3714,Nintendo 64,Regular,0,1214
3715,Nintendo 64,Regular,0,1215
3716,Nintendo 64,Regular,0,1216
3717,Nintendo 64,Regular,0,1217
3718,Nintendo 64,Regular,0,1218
3719,Nintendo 64,Regular,0,1219
3720,Nintendo 64,Regular,0,1220
3721,Nintendo 64,Regular,0,1221
3722,Nintendo 64,Regular,0,1222
3723,Nintendo 64,Regular,0,1223
3724,Nintendo 64,Regular,0,1224
3725,Nintendo 64,Regular,0,1225
3726,Nintendo 64,Regular,0,1226
3727,Nintendo 64,Regular,0,1227
3728,Nintendo 64,Regular,0,1228
3729,Nintendo 64,Regular,0,1229
3730,Nintendo 64,Regular,0,1230
3731,Nintendo 64,Regular,0,1231
3732,Nintendo 64,Regular,0,1232
3733,Nintendo 64,Regular,0,1233
3734,Nintendo 64,Regular,0,1234
3735,Nintendo 64,Regular,0,1235
3736,Nintendo 64,Regular,0,1236
3737,Nintendo 64,Regular,0,1237
3738,Nintendo 64,Regular,0,1238
3739,Nintendo 64,Regular,0,1239
3740,Nintendo 64,Regular,0,1240
3741,Nintendo 64,Regular,0,1241
3742,Nintendo 64,Regular,0,1242
3743,Nintendo 64,Regular,0,1243
3744,Nintendo 64,Regular,0,1244
3745,Nintendo 64,Regular,0,1245
3746,Nintendo 64,Regular,0,1246
3747,Nintendo 64,Regular,0,1247
3748,Nintendo 64,Regular,0,1248
3749,Nintendo 64,Regular,0,1249
3750,Nintendo 64,Regular,0,1250
3751,Nintendo 64,Regular,0,1251
3752,Nintendo 64,Regular,0,1252
3753,Nintendo 64,Regular,0,1253
3754,Nintendo 64,Regular,0,1254
3755,Nintendo 64,Regular,0,1255
3756,Nintendo 64,Regular,0,1256
3757,Nintendo 64,Regular,0,1257
3758,Nintendo 64,Regular,0,1258
3759,Nintendo 64,Regular,0,1259
3760,Nintendo 64,Regular,0,1260
3761,Nintendo 64,Regular,0,1261
3762,Nintendo 64,Regular,0,1262
3763,Nintendo 64,Regular,0,1263
3764,Nintendo 64,Regular,0,1264
3765,Nintendo 64,Regular,0,1265
3766,Nintendo 64,Regular,0,1266
3767,Nintendo 64,Regular,0,1267
3768,Nintendo 64,Regular,0,1268
3769,Nintendo 64,Regular,0,1269
3770,Nintendo 64,Regular,0,1270
3771,Nintendo 64,Regular,0,1271
3772,Nintendo 64,Regular,0,1272
3773,Nintendo 64,Regular,0,1273
3774,Nintendo 64,Regular,0,1274
3775,Nintendo 64,Regular,0,1275
3776,Nintendo 64,Regular,0,1276
3777,Nintendo 64,Regular,0,1277
3778,Nintendo 64,Regular,0,1278
3779,Nintendo 64,Regular,0,1279
3780,Nintendo 64,Regular,0,1280
3781,Nintendo 64,Regular,0,1281
3782,Nintendo 64,Regular,0,1282
3783,Nintendo 64,Regular,0,1283
3784,Nintendo 64,Regular,0,1284
3785,Nintendo 64,Regular,0,1285
3786,Nintendo 64,Regular,0,1286
3787,Nintendo 64,Regular,0,1287
3788,Nintendo 64,Regular,0,1288
3789,Nintendo 64,Regular,0,1289
3790,Nintendo 64,Regular,0,1290
3791,Nintendo 64,Regular,0,1291
3792,Nintendo 64,Regular,0,1292
3793,Nintendo 64,Regular,0,1293
3794,Nintendo 64,Regular,0,1294
3795,Nintendo 64,Regular,0,1295
3796,Nintendo 64,Regular,0,1296
3797,Nintendo 64,Regular,0,1297
3798,Nintendo 64,Regular,0,1298
3799,Nintendo 64,Regular,0,1299
3800,Nintendo 64,Regular,0,1300
3801,Nintendo 64,Regular,0,1301
3802,Nintendo 64,Regular,0,1302
3803,Nintendo 64,Regular,0,1303
3804,Nintendo 64,Regular,0,1304
3805,Nintendo 64,Regular,0,1305
3806,Nintendo 64,Regular,0,1306
3807,Nintendo 64,Regular,0,1307
3808,Nintendo 64,Regular,0,1308
3809,Nintendo 64,Regular,0,1309
3810,Nintendo 64,Regular,0,1310
3811,Nintendo 64,Regular,0,1311
3812,Nintendo 64,Regular,0,1312
3813,Nintendo 64,Regular,0,1313
3814,Nintendo 64,Regular,0,1314
3815,Nintendo 64,Regular,0,1315
3816,Nintendo 64,Regular,0,1316
3817,Nintendo 64,Regular,0,1317
3818,Nintendo 64,Regular,0,1318
3819,Nintendo 64,Regular,0,1319
3820,Nintendo 64,Regular,0,1320
3821,Nintendo 64,Regular,0,1321
3822,Nintendo 64,Regular,0,1322
3823,Nintendo 64,Regular,0,1323
3824,Nintendo 64,Regular,0,1324
3825,Nintendo 64,Regular,0,1325
3826,Nintendo 64,Regular,0,1326
3827,Nintendo 64,Regular,0,1327
3828,Nintendo 64,Regular,0,1328
3829,Nintendo 64,Regular,0,1329
3830,Nintendo 64,Regular,0,1330
3831,Nintendo 64,Regular,0,1331
3832,Nintendo 64,Regular,0,1332
3833,Nintendo 64,Regular,0,1333
3834,Nintendo 64,Regular,0,1334
3835,Nintendo 64,Regular,0,1335
3836,Nintendo 64,Regular,0,1336
3837,Nintendo 64,Regular,0,1337
3838,Nintendo 64,Regular,0,1338
3839,Nintendo 64,Regular,0,1339
3840,Nintendo 64,Regular,0,1340
3841,Nintendo 64,Regular,0,1341
3842,Nintendo 64,Regular,0,1342
3843,Nintendo 64,Regular,0,1343
3844,Nintendo 64,Regular,0,1344
3845,Nintendo 64,Regular,0,1345
3846,Gamecube,Regular,0,1346
3847,Gamecube,Regular,0,1347
3848,Gamecube,Regular,0,1348
3849,Gamecube,Regular,0,1349
3850,Gamecube,Regular,0,1350
3851,Gamecube,Regular,0,1351
3852,Gamecube,Regular,0,1352
3853,Gamecube,Regular,0,1353
3854,Gamecube,Regular,0,1354
3855,Gamecube,Regular,0,1355
3856,Gamecube,Regular,0,1356
3857,Gamecube,Regular,0,1357
3858,Gamecube,Regular,0,1358
3859,Gamecube,Regular,0,1359
3860,Gamecube,Regular,0,1360
3861,Gamecube,Regular,0,1361
3862,Gamecube,Regular,0,1362
3863,Gamecube,Regular,0,1363
3864,Gamecube,Regular,0,1364
3865,Gamecube,Regular,0,1365
3866,Gamecube,Regular,0,1366
3867,Gamecube,Regular,0,1367
3868,Gamecube,Regular,0,1368
3869,Gamecube,Regular,0,1369
3870,Gamecube,Regular,0,1370
3871,Gamecube,Regular,0,1371
3872,Gamecube,Regular,0,1372
3873,Gamecube,Regular,0,1373
3874,Gamecube,Regular,0,1374
3875,Gamecube,Regular,0,1375
3876,Gamecube,Regular,0,1376
3877,Gamecube,Regular,0,1377
3878,Gamecube,Regular,0,1378
3879,Gamecube,Regular,0,1379
3880,Gamecube,Regular,0,1380
3881,Gamecube,Regular,0,1381
3882,Gamecube,Regular,0,1382
3883,Gamecube,Regular,0,1383
3884,Gamecube,Regular,0,1384
3885,Gamecube,Regular,0,1385
3886,Gamecube,Regular,0,1386
3887,Gamecube,Regular,0,1387
3888,Gamecube,Regular,0,1388
3889,Gamecube,Regular,0,1389
3890,Gamecube,Regular,0,1390
3891,Gamecube,Regular,0,1391
3892,Gamecube,Regular,0,1392
3893,Gamecube,Regular,0,1393
3894,Gamecube,Regular,0,1394
3895,Gamecube,Regular,0,1395
3896,Gamecube,Regular,0,1396
3897,Gamecube,Regular,0,1397
3898,Gamecube,Regular,0,1398
3899,Gamecube,Regular,0,1399
3900,Gamecube,Regular,0,1400
3901,Gamecube,Regular,0,1401
3902,Gamecube,Regular,0,1402
3903,Gamecube,Regular,0,1403
3904,Gamecube,Regular,0,1404
3905,Gamecube,Regular,0,1405
3906,Gamecube,Regular,0,1406
3907,Gamecube,Regular,0,1407
3908,Gamecube,Regular,0,1408
3909,Gamecube,Regular,0,1409
3910,Gamecube,Regular,0,1410
3911,Gamecube,Regular,0,1411
3912,Gamecube,Regular,0,1412
3913,Gamecube,Regular,0,1413
3914,Gamecube,Regular,0,1414
3915,Gamecube,Regular,0,1415
3916,Gamecube,Regular,0,1416
3917,Gamecube,Regular,0,1417
3918,Gamecube,Regular,0,1418
3919,Gamecube,Regular,0,1419
3920,Gamecube,Regular,0,1420
3921,Gamecube,Regular,0,1421
3922,Gamecube,Regular,0,1422
3923,Gamecube,Regular,0,1423
3924,Gamecube,Regular,0,1424
3925,Gamecube,Regular,0,1425
3926,Gamecube,Regular,0,1426
3927,Gamecube,Regular,0,1427
3928,Gamecube,Regular,0,1428
3929,Gamecube,Regular,0,1429
3930,Gamecube,Regular,0,1430
3931,Gamecube,Regular,0,1431
3932,Gamecube,Regular,0,1432
3933,Gamecube,Regular,0,1433
3934,Gamecube,Regular,0,1434
3935,Gamecube,Regular,0,1435
3936,Gamecube,Regular,0,1436
3937,Gamecube,Regular,0,1437
3938,Gamecube,Regular,0,1438
3939,Gamecube,Regular,0,1439
3940,Gamecube,Regular,0,1440
3941,Gamecube,Regular,0,1441
3942,Gamecube,Regular,0,1442
3943,Gamecube,Regular,0,1443
3944,Gamecube,Regular,0,1444
3945,Gamecube,Regular,0,1445
3946,Gamecube,Regular,0,1446
3947,Gamecube,Regular,0,1447
3948,Gamecube,Regular,0,1448
3949,Gamecube,Regular,0,1449
3950,Gamecube,Regular,0,1450
3951,Gamecube,Regular,0,1451
3952,Gamecube,Regular,0,1452
3953,Gamecube,Regular,0,1453
3954,Gamecube,Regular,0,1454
3955,Gamecube,Regular,0,1455
3956,Gamecube,Regular,0,1456
3957,Gamecube,Regular,0,1457
3958,Gamecube,Regular,0,1458
3959,Gamecube,Regular,0,1459
3960,Gamecube,Regular,0,1460
3961,Gamecube,Regular,0,1461
3962,Gamecube,Regular,0,1462
3963,Gamecube,Regular,0,1463
3964,Gamecube,Regular,0,1464
3965,Gamecube,Regular,0,1465
3966,Gamecube,Regular,0,1466
3967,Gamecube,Regular,0,1467
3968,Gamecube,Regular,0,1468
3969,Gamecube,Regular,0,1469
3970,Gamecube,Regular,0,1470
3971,Gamecube,Regular,0,1471
3972,Gamecube,Regular,0,1472
3973,Gamecube,Regular,0,1473
3974,Gamecube,Regular,0,1474
3975,Gamecube,Regular,0,1475
3976,Gamecube,Regular,0,1476
3977,Gamecube,Regular,0,1477
3978,Gamecube,Regular,0,1478
3979,Gamecube,Regular,0,1479
3980,Gamecube,Regular,0,1480
3981,Gamecube,Regular,0,1481
3982,Gamecube,Regular,0,1482
3983,Gamecube,Regular,0,1483
3984,Gamecube,Regular,0,1484
3985,Gamecube,Regular,0,1485
3986,Gamecube,Regular,0,1486
3987,Gamecube,Regular,0,1487
3988,Gamecube,Regular,0,1488
3989,Gamecube,Regular,0,1489
3990,Gamecube,Regular,0,1490
3991,Gamecube,Regular,0,1491
3992,Gamecube,Regular,0,1492
3993,Gamecube,Regular,0,1493
3994,Gamecube,Regular,0,1494
3995,Gamecube,Regular,0,1495
3996,Gamecube,Regular,0,1496
3997,Gamecube,Regular,0,1497
3998,Gamecube,Regular,0,1498
3999,Gamecube,Regular,0,1499
4000,Gamecube,Regular,0,1500
4001,Gamecube,Regular,0,1501
4002,Gamecube,Regular,0,1502
4003,Gamecube,Regular,0,1503
4004,Gamecube,Regular,0,1504
4005,Gamecube,Regular,0,1505
4006,Gamecube,Regular,0,1506
4007,Gamecube,Regular,0,1507
4008,Gamecube,Regular,0,1508
4009,Gamecube,Regular,0,1509
4010,Gamecube,Regular,0,1510
4011,Gamecube,Regular,0,1511
4012,Gamecube,Regular,0,1512
4013,Gamecube,Regular,0,1513
4014,Gamecube,Regular,0,1514
4015,Gamecube,Regular,0,1515
4016,Gamecube,Regular,0,1516
4017,Gamecube,Regular,0,1517
4018,Gamecube,Regular,0,1518
4019,Gamecube,Regular,0,1519
4020,Gamecube,Regular,0,1520
4021,Gamecube,Regular,0,1521
4022,Gamecube,Regular,0,1522
4023,Gamecube,Regular,0,1523
4024,Gamecube,Regular,0,1524
4025,Gamecube,Regular,0,1525
4026,Gamecube,Regular,0,1526
4027,Gamecube,Regular,0,1527
4028,Gamecube,Regular,0,1528
4029,Gamecube,Regular,0,1529
4030,Gamecube,Regular,0,1530
4031,Gamecube,Regular,0,1531
4032,Gamecube,Regular,0,1532
4033,Gamecube,Regular,0,1533
4034,Gamecube,Regular,0,1534
4035,Gamecube,Regular,0,1535
4036,Gamecube,Regular,0,1536
4037,Gamecube,Regular,0,1537
4038,Wii,Regular,1,1538
4039,Wii,Regular,1,1539
4040,Wii,Regular,1,1540
4041,Wii,Regular,1,1541
4042,Wii,Regular,1,1542
4043,Wii,Regular,1,1543
4044,Wii,Regular,1,1544
4045,Wii,Regular,1,1545
4046,Wii,Regular,1,1546
4047,Wii,Regular,1,1547
4048,Wii,Regular,1,1548
4049,Wii,Regular,1,1549
4050,Wii,Regular,1,1550
4051,Wii,Regular,1,1551
4052,Wii,Regular,1,1552
4053,Wii,Regular,1,1553
4054,Wii,Regular,1,1554
4055,Wii,Regular,1,1555
4056,Wii,Regular,1,1556
4057,Wii,Regular,1,1557
4058,Wii,Regular,1,1558
4059,Wii,Regular,1,1559
4060,Wii,Regular,1,1560
4061,Wii,Regular,1,1561
4062,Wii,Regular,1,1562
4063,Wii,Regular,1,1563
4064,Wii,Regular,1,1564
4065,Wii,Regular,1,1565
4066,Wii,Regular,1,1566
4067,Wii,Regular,1,1567
4068,Wii,Regular,1,1568
4069,Wii,Regular,1,1569
4070,Wii,Regular,1,1570
4071,Wii,Regular,1,1571
4072,Wii,Regular,1,1572
4073,Wii,Regular,1,1573
4074,Wii,Regular,1,1574
4075,Wii,Regular,1,1575
4076,Wii,Regular,1,1576
4077,Wii,Regular,1,1577
4078,Wii,Regular,1,1578
4079,Wii,Regular,1,1579
4080,Wii,Regular,1,1580
4081,Wii,Regular,1,1581
4082,Wii,Regular,1,1582
4083,Wii,Regular,1,1583
4084,Wii,Regular,1,1584
4085,Wii,Regular,1,1585
4086,Wii,Regular,1,1586
4087,Wii,Regular,1,1587
4088,Wii,Regular,1,1588
4089,Wii,Regular,1,1589
4090,Wii,Regular,1,1590
4091,Wii,Regular,1,1591
4092,Wii,Regular,1,1592
4093,Wii,Regular,1,1593
4094,Wii,Regular,1,1594
4095,Wii,Regular,1,1595
4096,Wii,Regular,1,1596
4097,Wii,Regular,1,1597
4098,Wii,Regular,1,1598
4099,Wii,Regular,1,1599
4100,Wii,Regular,1,1600
4101,Wii,Regular,1,1601
4102,Wii,Regular,1,1602
4103,Wii,Regular,1,1603
4104,Wii,Regular,1,1604
4105,Wii,Regular,1,1605
4106,Wii,Regular,1,1606
4107,Wii,Regular,1,1607
4108,Wii,Regular,1,1608
4109,Wii,Regular,1,1609
4110,Wii,Regular,1,1610
4111,Wii,Regular,1,1611
4112,Wii,Regular,1,1612
4113,Wii,Regular,1,1613
4114,Wii,Regular,1,1614
4115,Wii,Regular,1,1615
4116,Wii,Regular,1,1616
4117,Wii,Regular,1,1617
4118,Wii,Regular,1,1618
4119,Wii,Regular,1,1619
4120,Wii,Regular,1,1620
4121,Wii,Regular,1,1621
4122,Wii,Regular,1,1622
4123,Wii,Regular,1,1623
4124,Wii,Regular,1,1624
4125,Wii,Regular,1,1625
4126,Wii,Regular,1,1626
4127,Wii,Regular,1,1627
4128,Wii,Regular,1,1628
4129,Wii,Regular,1,1629
4130,Wii,Regular,1,1630
4131,Wii,Regular,1,1631
4132,Wii,Regular,1,1632
4133,Wii,Regular,1,1633
4134,Wii,Regular,1,1634
4135,Wii,Regular,1,1635
4136,Wii,Regular,1,1636
4137,Wii,Regular,1,1637
4138,Wii,Regular,1,1638
4139,Wii,Regular,1,1639
4140,Wii,Regular,1,1640
4141,Wii,Regular,1,1641
4142,Wii,Regular,1,1642
4143,Wii,Regular,1,1643
4144,Wii,Regular,1,1644
4145,Wii,Regular,1,1645
4146,Wii,Regular,1,1646
4147,Wii,Regular,1,1647
4148,Wii,Regular,1,1648
4149,Wii,Regular,1,1649
4150,Wii,Regular,1,1650
4151,Wii,Regular,1,1651
4152,Wii,Regular,1,1652
4153,Wii,Regular,1,1653
4154,Wii,Regular,1,1654
4155,Wii,Regular,1,1655
4156,Wii,Regular,1,1656
4157,Wii,Regular,1,1657
4158,Wii,Regular,1,1658
4159,Wii,Regular,1,1659
4160,Wii,Regular,1,1660
4161,Wii,Regular,1,1661
4162,Wii,Regular,1,1662
4163,Wii,Regular,1,1663
4164,Wii,Regular,1,1664
4165,Wii,Regular,1,1665
4166,Wii,Regular,1,1666
4167,Wii,Regular,1,1667
4168,Wii,Regular,1,1668
4169,Wii,Regular,1,1669
4170,Wii,Regular,1,1670
4171,Wii,Regular,1,1671
4172,Wii,Regular,1,1672
4173,Wii,Regular,1,1673
4174,Wii,Regular,1,1674
4175,Wii,Regular,1,1675
4176,Wii,Regular,1,1676
4177,Wii,Regular,1,1677
4178,Wii,Regular,1,1678
4179,Wii,Regular,1,1679
4180,Wii,Regular,1,1680
4181,Wii,Regular,1,1681
4182,Wii,Regular,1,1682
4183,Wii,Regular,1,1683
4184,Wii,Regular,1,1684
4185,Wii,Regular,1,1685
4186,Wii,Regular,1,1686
4187,Wii,Regular,1,1687
4188,Wii,Regular,1,1688
4189,Wii,Regular,1,1689
4190,Wii,Regular,1,1690
4191,Wii,Regular,1,1691
4192,Wii,Regular,1,1692
4193,Wii,Regular,1,1693
4194,Wii,Regular,1,1694
4195,Wii,Regular,1,1695
4196,Wii,Regular,1,1696
4197,Wii,Regular,1,1697
4198,Wii,Regular,1,1698
4199,Wii,Regular,1,1699
4200,Wii,Regular,1,1700
4201,Wii,Regular,1,1701
4202,Wii,Regular,1,1702
4203,Wii,Regular,1,1703
4204,Wii,Regular,1,1704
4205,Wii,Regular,1,1705
4206,Wii,Regular,1,1706
4207,Wii,Regular,1,1707
4208,Wii,Regular,1,1708
4209,Wii,Regular,1,1709
4210,Wii,Regular,1,1710
4211,Wii,Regular,1,1711
4212,Wii,Regular,1,1712
4213,Wii,Regular,1,1713
4214,Wii,Regular,1,1714
4215,Wii,Regular,1,1715
4216,Wii,Regular,1,1716
4217,Wii,Regular,1,1717
4218,Wii,Regular,1,1718
4219,Wii,Regular,1,1719
4220,Wii,Regular,1,1720
4221,Wii,Regular,1,1721
4222,Wii,Regular,1,1722
4223,Wii,Regular,1,1723
4224,Wii,Regular,1,1724
4225,Wii,Regular,1,1725
4226,Wii,Regular,1,1726
4227,Wii,Regular,1,1727
4228,Wii,Regular,1,1728
4229,Wii,Regular,1,1729
4230,Game Boy Color,Regular,1,1730
4231,Game Boy Color,Regular,1,1731
4232,Game Boy Color,Regular,1,1732
4233,Game Boy Color,Regular,1,1733
4234,Game Boy Color,Regular,1,1734
4235,Game Boy Color,Regular,1,1735
4236,Game Boy Color,Regular,1,1736
4237,Game Boy Color,Regular,1,1737
4238,Game Boy Color,Regular,1,1738
4239,Game Boy Color,Regular,1,1739
4240,Game Boy Color,Regular,1,1740
4241,Game Boy Color,Regular,1,1741
4242,Game Boy Color,Regular,1,1742
4243,Game Boy Color,Regular,1,1743
4244,Game Boy Color,Regular,1,1744
4245,Game Boy Color,Regular,1,1745
4246,Game Boy Color,Regular,1,1746
4247,Game Boy Color,Regular,1,1747
4248,Game Boy Color,Regular,1,1748
4249,Game Boy Color,Regular,1,1749
4250,Game Boy Color,Regular,1,1750
4251,Game Boy Color,Regular,1,1751
4252,Game Boy Color,Regular,1,1752
4253,Game Boy Color,Regular,1,1753
4254,Game Boy Color,Regular,1,1754
4255,Game Boy Color,Regular,1,1755
4256,Game Boy Color,Regular,1,1756
4257,Game Boy Color,Regular,1,1757
4258,Game Boy Color,Regular,1,1758
4259,Game Boy Color,Regular,1,1759
4260,Game Boy Color,Regular,1,1760
4261,Game Boy Color,Regular,1,1761
4262,Game Boy Color,Regular,1,1762
4263,Game Boy Color,Regular,1,1763
4264,Game Boy Color,Regular,1,1764
4265,Game Boy Color,Regular,1,1765
4266,Game Boy Color,Regular,1,1766
4267,Game Boy Color,Regular,1,1767
4268,Game Boy Color,Regular,1,1768
4269,Game Boy Color,Regular,1,1769
4270,Game Boy Color,Regular,1,1770
4271,Game Boy Color,Regular,1,1771
4272,Game Boy Color,Regular,1,1772
4273,Game Boy Color,Regular,1,1773
4274,Game Boy Color,Regular,1,1774
4275,Game Boy Color,Regular,1,1775
4276,Game Boy Color,Regular,1,1776
4277,Game Boy Color,Regular,1,1777
4278,Game Boy Color,Regular,1,1778
4279,Game Boy Color,Regular,1,1779
4280,Game Boy Color,Regular,1,1780
4281,Game Boy Color,Regular,1,1781
4282,Game Boy Color,Regular,1,1782
4283,Game Boy Color,Regular,1,1783
4284,Game Boy Color,Regular,1,1784
4285,Game Boy Color,Regular,1,1785
4286,Game Boy Color,Regular,1,1786
4287,Game Boy Color,Regular,1,1787
4288,Game Boy Color,Regular,1,1788
4289,Game Boy Color,Regular,1,1789
4290,Game Boy Color,Regular,1,1790
4291,Game Boy Color,Regular,1,1791
4292,Game Boy Color,Regular,1,1792
4293,Game Boy Color,Regular,1,1793
4294,Game Boy Color,Regular,1,1794
4295,Game Boy Color,Regular,1,1795
4296,Game Boy Color,Regular,1,1796
4297,Game Boy Color,Regular,1,1797
4298,Game Boy Color,Regular,1,1798
4299,Game Boy Color,Regular,1,1799
4300,Game Boy Color,Regular,1,1800
4301,Game Boy Color,Regular,1,1801
4302,Game Boy Color,Regular,1,1802
4303,Game Boy Color,Regular,1,1803
4304,Game Boy Color,Regular,1,1804
4305,Game Boy Color,Regular,1,1805
4306,Game Boy Color,Regular,1,1806
4307,Game Boy Color,Regular,1,1807
4308,Game Boy Color,Regular,1,1808
4309,Game Boy Color,Regular,1,1809
4310,Game Boy Color,Regular,1,1810
4311,Game Boy Color,Regular,1,1811
4312,Game Boy Color,Regular,1,1812
4313,Game Boy Color,Regular,1,1813
4314,Game Boy Color,Regular,1,1814
4315,Game Boy Color,Regular,1,1815
4316,Game Boy Color,Regular,1,1816
4317,Game Boy Color,Regular,1,1817
4318,Game Boy Color,Regular,1,1818
4319,Game Boy Color,Regular,1,1819
4320,Game Boy Color,Regular,1,1820
4321,Game Boy Color,Regular,1,1821
4322,Game Boy Color,Regular,1,1822
4323,Game Boy Color,Regular,1,1823
4324,Game Boy Color,Regular,1,1824
4325,Game Boy Color,Regular,1,1825
4326,Game Boy Color,Regular,1,1826
4327,Game Boy Color,Regular,1,1827
4328,Game Boy Color,Regular,1,1828
4329,Game Boy Color,Regular,1,1829
4330,Game Boy Color,Regular,1,1830
4331,Game Boy Color,Regular,1,1831
4332,Game Boy Color,Regular,1,1832
4333,Game Boy Color,Regular,1,1833
4334,Game Boy Color,Regular,1,1834
4335,Game Boy Color,Regular,1,1835
4336,Game Boy Color,Regular,1,1836
4337,Game Boy Color,Regular,1,1837
4338,Game Boy Color,Regular,1,1838
4339,Game Boy Color,Regular,1,1839
4340,Game Boy Color,Regular,1,1840
4341,Game Boy Color,Regular,1,1841
4342,Game Boy Color,Regular,1,1842
4343,Game Boy Color,Regular,1,1843
4344,Game Boy Color,Regular,1,1844
4345,Game Boy Color,Regular,1,1845
4346,Game Boy Color,Regular,1,1846
4347,Game Boy Color,Regular,1,1847
4348,Game Boy Color,Regular,1,1848
4349,Game Boy Color,Regular,1,1849
4350,Game Boy Color,Regular,1,1850
4351,Game Boy Color,Regular,1,1851
4352,Game Boy Color,Regular,1,1852
4353,Game Boy Color,Regular,1,1853
4354,Game Boy Color,Regular,1,1854
4355,Game Boy Color,Regular,1,1855
4356,Game Boy Color,Regular,1,1856
4357,Game Boy Color,Regular,1,1857
4358,Game Boy Color,Regular,1,1858
4359,Game Boy Color,Regular,1,1859
4360,Game Boy Color,Regular,1,1860
4361,Game Boy Color,Regular,1,1861
4362,Game Boy Color,Regular,1,1862
4363,Game Boy Color,Regular,1,1863
4364,Game Boy Color,Regular,1,1864
4365,Game Boy Color,Regular,1,1865
4366,Game Boy Color,Regular,1,1866
4367,Game Boy Color,Regular,1,1867
4368,Game Boy Color,Regular,1,1868
4369,Game Boy Color,Regular,1,1869
4370,Game Boy Color,Regular,1,1870
4371,Game Boy Color,Regular,1,1871
4372,Game Boy Color,Regular,1,1872
4373,Game Boy Color,Regular,1,1873
4374,Game Boy Color,Regular,1,1874
4375,Game Boy Color,Regular,1,1875
4376,Game Boy Color,Regular,1,1876
4377,Game Boy Color,Regular,1,1877
4378,Game Boy Color,Regular,1,1878
4379,Game Boy Color,Regular,1,1879
4380,Game Boy Color,Regular,1,1880
4381,Game Boy Color,Regular,1,1881
4382,Game Boy Color,Regular,1,1882
4383,Game Boy Color,Regular,1,1883
4384,Game Boy Color,Regular,1,1884
4385,Game Boy Color,Regular,1,1885
4386,Game Boy Color,Regular,1,1886
4387,Game Boy Color,Regular,1,1887
4388,Game Boy Color,Regular,1,1888
4389,Game Boy Color,Regular,1,1889
4390,Game Boy Color,Regular,1,1890
4391,Game Boy Color,Regular,1,1891
4392,Game Boy Color,Regular,1,1892
4393,Game Boy Color,Regular,1,1893
4394,Game Boy Color,Regular,1,1894
4395,Game Boy Color,Regular,1,1895
4396,Game Boy Color,Regular,1,1896
4397,Game Boy Color,Regular,1,1897
4398,Game Boy Color,Regular,1,1898
4399,Game Boy Color,Regular,1,1899
4400,Game Boy Color,Regular,1,1900
4401,Game Boy Color,Regular,1,1901
4402,Game Boy Color,Regular,1,1902
4403,Game Boy Color,Regular,1,1903
4404,Game Boy Color,Regular,1,1904
4405,Game Boy Color,Regular,1,1905
4406,Game Boy Color,Regular,1,1906
4407,Game Boy Color,Regular,1,1907
4408,Game Boy Color,Regular,1,1908
4409,Game Boy Color,Regular,1,1909
4410,Game Boy Color,Regular,1,1910
4411,Game Boy Color,Regular,1,1911
4412,Game Boy Color,Regular,1,1912
4413,Game Boy Color,Regular,1,1913
4414,Game Boy Color,Regular,1,1914
4415,Game Boy Color,Regular,1,1915
4416,Game Boy Color,Regular,1,1916
4417,Game Boy Color,Regular,1,1917
4418,Game Boy Color,Regular,1,1918
4419,Game Boy Color,Regular,1,1919
4420,Game Boy Color,Regular,1,1920
4421,Game Boy Color,Regular,1,1921
4422,Game Boy Advance,Regular,1,1922
4423,Game Boy Advance,Regular,1,1923
4424,Game Boy Advance,Regular,1,1924
4425,Game Boy Advance,Regular,1,1925
4426,Game Boy Advance,Regular,1,1926
4427,Game Boy Advance,Regular,1,1927
4428,Game Boy Advance,Regular,1,1928
4429,Game Boy Advance,Regular,1,1929
4430,Game Boy Advance,Regular,1,1930
4431,Game Boy Advance,Regular,1,1931
4432,Game Boy Advance,Regular,1,1932
4433,Game Boy Advance,Regular,1,1933
4434,Game Boy Advance,Regular,1,1934
4435,Game Boy Advance,Regular,1,1935
4436,Game Boy Advance,Regular,1,1936
4437,Game Boy Advance,Regular,1,1937
4438,Game Boy Advance,Regular,1,1938
4439,Game Boy Advance,Regular,1,1939
4440,Game Boy Advance,Regular,1,1940
4441,Game Boy Advance,Regular,1,1941
4442,Game Boy Advance,Regular,1,1942
4443,Game Boy Advance,Regular,1,1943
4444,Game Boy Advance,Regular,1,1944
4445,Game Boy Advance,Regular,1,1945
4446,Game Boy Advance,Regular,1,1946
4447,Game Boy Advance,Regular,1,1947
4448,Game Boy Advance,Regular,1,1948
4449,Game Boy Advance,Regular,1,1949
4450,Game Boy Advance,Regular,1,1950
4451,Game Boy Advance,Regular,1,1951
4452,Game Boy Advance,Regular,1,1952
4453,Game Boy Advance,Regular,1,1953
4454,Game Boy Advance,Regular,1,1954
4455,Game Boy Advance,Regular,1,1955
4456,Game Boy Advance,Regular,1,1956
4457,Game Boy Advance,Regular,1,1957
4458,Game Boy Advance,Regular,1,1958
4459,Game Boy Advance,Regular,1,1959
4460,Game Boy Advance,Regular,1,1960
4461,Game Boy Advance,Regular,1,1961
4462,Game Boy Advance,Regular,1,1962
4463,Game Boy Advance,Regular,1,1963
4464,Game Boy Advance,Regular,1,1964
4465,Game Boy Advance,Regular,1,1965
4466,Game Boy Advance,Regular,1,1966
4467,Game Boy Advance,Regular,1,1967
4468,Game Boy Advance,Regular,1,1968
4469,Game Boy Advance,Regular,1,1969
4470,Game Boy Advance,Regular,1,1970
4471,Game Boy Advance,Regular,1,1971
4472,Game Boy Advance,Regular,1,1972
4473,Game Boy Advance,Regular,1,1973
4474,Game Boy Advance,Regular,1,1974
4475,Game Boy Advance,Regular,1,1975
4476,Game Boy Advance,Regular,1,1976
4477,Game Boy Advance,Regular,1,1977
4478,Game Boy Advance,Regular,1,1978
4479,Game Boy Advance,Regular,1,1979
4480,Game Boy Advance,Regular,1,1980
4481,Game Boy Advance,Regular,1,1981
4482,Game Boy Advance,Regular,1,1982
4483,Game Boy Advance,Regular,1,1983
4484,Game Boy Advance,Regular,1,1984
4485,Game Boy Advance,Regular,1,1985
4486,Game Boy Advance,Regular,1,1986
4487,Game Boy Advance,Regular,1,1987
4488,Game Boy Advance,Regular,1,1988
4489,Game Boy Advance,Regular,1,1989
4490,Game Boy Advance,Regular,1,1990
4491,Game Boy Advance,Regular,1,1991
4492,Game Boy Advance,Regular,1,1992
4493,Game Boy Advance,Regular,1,1993
4494,Game Boy Advance,Regular,1,1994
4495,Game Boy Advance,Regular,1,1995
4496,Game Boy Advance,Regular,1,1996
4497,Game Boy Advance,Regular,1,1997
4498,Game Boy Advance,Regular,1,1998
4499,Game Boy Advance,Regular,1,1999
4500,Game Boy Advance,Regular,1,2000
4501,Game Boy Advance,Regular,1,2001
4502,Game Boy Advance,Regular,1,2002
4503,Game Boy Advance,Regular,1,2003
4504,Game Boy Advance,Regular,1,2004
4505,Game Boy Advance,Regular,1,2005
4506,Game Boy Advance,Regular,1,2006
4507,Game Boy Advance,Regular,1,2007
4508,Game Boy Advance,Regular,1,2008
4509,Game Boy Advance,Regular,1,2009
4510,Game Boy Advance,Regular,1,2010
4511,Game Boy Advance,Regular,1,2011
4512,Game Boy Advance,Regular,1,2012
4513,Game Boy Advance,Regular,1,2013
4514,Game Boy Advance,Regular,1,2014
4515,Game Boy Advance,Regular,1,2015
4516,Game Boy Advance,Regular,1,2016
4517,Game Boy Advance,Regular,1,2017
4518,Game Boy Advance,Regular,1,2018
4519,Game Boy Advance,SP,1,2019
4520,Game Boy Advance,SP,1,2020
4521,Game Boy Advance,SP,1,2021
4522,Game Boy Advance,SP,1,2022
4523,Game Boy Advance,SP,1,2023
4524,Game Boy Advance,SP,1,2024
4525,Game Boy Advance,SP,1,2025
4526,Game Boy Advance,SP,1,2026
4527,Game Boy Advance,SP,1,2027
4528,Game Boy Advance,SP,1,2028
4529,Game Boy Advance,SP,1,2029
4530,Game Boy Advance,SP,1,2030
4531,Game Boy Advance,SP,1,2031
4532,Game Boy Advance,SP,1,2032
4533,Game Boy Advance,SP,1,2033
4534,Game Boy Advance,SP,1,2034
4535,Game Boy Advance,SP,1,2035
4536,Game Boy Advance,SP,1,2036
4537,Game Boy Advance,SP,1,2037
4538,Game Boy Advance,SP,1,2038
4539,Game Boy Advance,SP,1,2039
4540,Game Boy Advance,SP,1,2040
4541,Game Boy Advance,SP,1,2041
4542,Game Boy Advance,SP,1,2042
4543,Game Boy Advance,SP,1,2043
4544,Game Boy Advance,SP,1,2044
4545,Game Boy Advance,SP,1,2045
4546,Game Boy Advance,SP,1,2046
4547,Game Boy Advance,SP,1,2047
4548,Game Boy Advance,SP,1,2048
4549,Game Boy Advance,SP,1,2049
4550,Game Boy Advance,SP,1,2050
4551,Game Boy Advance,SP,1,2051
4552,Game Boy Advance,SP,1,2052
4553,Game Boy Advance,SP,1,2053
4554,Game Boy Advance,SP,1,2054
4555,Game Boy Advance,SP,1,2055
4556,Game Boy Advance,SP,1,2056
4557,Game Boy Advance,SP,1,2057
4558,Game Boy Advance,SP,1,2058
4559,Game Boy Advance,SP,1,2059
4560,Game Boy Advance,SP,1,2060
4561,Game Boy Advance,SP,1,2061
4562,Game Boy Advance,SP,1,2062
4563,Game Boy Advance,SP,1,2063
4564,Game Boy Advance,SP,1,2064
4565,Game Boy Advance,SP,1,2065
4566,Game Boy Advance,SP,1,2066
4567,Game Boy Advance,SP,1,2067
4568,Game Boy Advance,SP,1,2068
4569,Game Boy Advance,SP,1,2069
4570,Game Boy Advance,SP,1,2070
4571,Game Boy Advance,SP,1,2071
4572,Game Boy Advance,SP,1,2072
4573,Game Boy Advance,SP,1,2073
4574,Game Boy Advance,SP,1,2074
4575,Game Boy Advance,SP,1,2075
4576,Game Boy Advance,SP,1,2076
4577,Game Boy Advance,SP,1,2077
4578,Game Boy Advance,SP,1,2078
4579,Game Boy Advance,SP,1,2079
4580,Game Boy Advance,SP,1,2080
4581,Game Boy Advance,SP,1,2081
4582,Game Boy Advance,SP,1,2082
4583,Game Boy Advance,SP,1,2083
4584,Game Boy Advance,SP,1,2084
4585,Game Boy Advance,SP,1,2085
4586,Game Boy Advance,SP,1,2086
4587,Game Boy Advance,SP,1,2087
4588,Game Boy Advance,SP,1,2088
4589,Game Boy Advance,SP,1,2089
4590,Game Boy Advance,SP,1,2090
4591,Game Boy Advance,SP,1,2091
4592,Game Boy Advance,SP,1,2092
4593,Game Boy Advance,SP,1,2093
4594,Game Boy Advance,SP,1,2094
4595,Game Boy Advance,SP,1,2095
4596,Game Boy Advance,SP,1,2096
4597,Game Boy Advance,SP,1,2097
4598,Game Boy Advance,SP,1,2098
4599,Game Boy Advance,SP,1,2099
4600,Game Boy Advance,SP,1,2100
4601,Game Boy Advance,SP,1,2101
4602,Game Boy Advance,SP,1,2102
4603,Game Boy Advance,SP,1,2103
4604,Game Boy Advance,SP,1,2104
4605,Game Boy Advance,SP,1,2105
4606,Game Boy Advance,SP,1,2106
4607,Game Boy Advance,SP,1,2107
4608,Game Boy Advance,SP,1,2108
4609,Game Boy Advance,SP,1,2109
4610,Game Boy Advance,SP,1,2110
4611,Game Boy Advance,SP,1,2111
4612,Game Boy Advance,SP,1,2112
4613,Game Boy Advance,SP,1,2113
4614,Nintendo DS,Regular,1,2114
4615,Nintendo DS,Regular,1,2115
4616,Nintendo DS,Regular,1,2116
4617,Nintendo DS,Regular,1,2117
4618,Nintendo DS,Regular,1,2118
4619,Nintendo DS,Regular,1,2119
4620,Nintendo DS,Regular,1,2120
4621,Nintendo DS,Regular,1,2121
4622,Nintendo DS,Regular,1,2122
4623,Nintendo DS,Regular,1,2123
4624,Nintendo DS,Regular,1,2124
4625,Nintendo DS,Regular,1,2125
4626,Nintendo DS,Regular,1,2126
4627,Nintendo DS,Regular,1,2127
4628,Nintendo DS,Regular,1,2128
4629,Nintendo DS,Regular,1,2129
4630,Nintendo DS,Regular,1,2130
4631,Nintendo DS,Regular,1,2131
4632,Nintendo DS,Regular,1,2132
4633,Nintendo DS,Regular,1,2133
4634,Nintendo DS,Regular,1,2134
4635,Nintendo DS,Regular,1,2135
4636,Nintendo DS,Regular,1,2136
4637,Nintendo DS,Regular,1,2137
4638,Nintendo DS,Regular,1,2138
4639,Nintendo DS,Regular,1,2139
4640,Nintendo DS,Regular,1,2140
4641,Nintendo DS,Regular,1,2141
4642,Nintendo DS,Regular,1,2142
4643,Nintendo DS,Regular,1,2143
4644,Nintendo DS,Regular,1,2144
4645,Nintendo DS,Regular,1,2145
4646,Nintendo DS,Regular,1,2146
4647,Nintendo DS,Regular,1,2147
4648,Nintendo DS,Regular,1,2148
4649,Nintendo DS,Regular,1,2149
4650,Nintendo DS,Regular,1,2150
4651,Nintendo DS,Regular,1,2151
4652,Nintendo DS,Regular,1,2152
4653,Nintendo DS,Regular,1,2153
4654,Nintendo DS,Regular,1,2154
4655,Nintendo DS,Regular,1,2155
4656,Nintendo DS,Regular,1,2156
4657,Nintendo DS,Regular,1,2157
4658,Nintendo DS,Regular,1,2158
4659,Nintendo DS,Regular,1,2159
4660,Nintendo DS,Regular,1,2160
4661,Nintendo DS,Regular,1,2161
4662,Nintendo DS,Regular,1,2162
4663,Nintendo DS,DS Lite,1,2163
4664,Nintendo DS,DS Lite,1,2164
4665,Nintendo DS,DS Lite,1,2165
4666,Nintendo DS,DS Lite,1,2166
4667,Nintendo DS,DS Lite,1,2167
4668,Nintendo DS,DS Lite,1,2168
4669,Nintendo DS,DS Lite,1,2169
4670,Nintendo DS,DS Lite,1,2170
4671,Nintendo DS,DS Lite,1,2171
4672,Nintendo DS,DS Lite,1,2172
4673,Nintendo DS,DS Lite,1,2173
4674,Nintendo DS,DS Lite,1,2174
4675,Nintendo DS,DS Lite,1,2175
4676,Nintendo DS,DS Lite,1,2176
4677,Nintendo DS,DS Lite,1,2177
4678,Nintendo DS,DS Lite,1,2178
4679,Nintendo DS,DS Lite,1,2179
4680,Nintendo DS,DS Lite,1,2180
4681,Nintendo DS,DS Lite,1,2181
4682,Nintendo DS,DS Lite,1,2182
4683,Nintendo DS,DS Lite,1,2183
4684,Nintendo DS,DS Lite,1,2184
4685,Nintendo DS,DS Lite,1,2185
4686,Nintendo DS,DS Lite,1,2186
4687,Nintendo DS,DS Lite,1,2187
4688,Nintendo DS,DS Lite,1,2188
4689,Nintendo DS,DS Lite,1,2189
4690,Nintendo DS,DS Lite,1,2190
4691,Nintendo DS,DS Lite,1,2191
4692,Nintendo DS,DS Lite,1,2192
4693,Nintendo DS,DS Lite,1,2193
4694,Nintendo DS,DS Lite,1,2194
4695,Nintendo DS,DS Lite,1,2195
4696,Nintendo DS,DS Lite,1,2196
4697,Nintendo DS,DS Lite,1,2197
4698,Nintendo DS,DS Lite,1,2198
4699,Nintendo DS,DS Lite,1,2199
4700,Nintendo DS,DS Lite,1,2200
4701,Nintendo DS,DS Lite,1,2201
4702,Nintendo DS,DS Lite,1,2202
4703,Nintendo DS,DS Lite,1,2203
4704,Nintendo DS,DS Lite,1,2204
4705,Nintendo DS,DS Lite,1,2205
4706,Nintendo DS,DS Lite,1,2206
4707,Nintendo DS,DS Lite,1,2207
4708,Nintendo DS,DS Lite,1,2208
4709,Nintendo DS,DS Lite,1,2209
4710,Nintendo DS,DS Lite,1,2210
4711,Nintendo DS,DSi,1,2211
4712,Nintendo DS,DSi,1,2212
4713,Nintendo DS,DSi,1,2213
4714,Nintendo DS,DSi,1,2214
4715,Nintendo DS,DSi,1,2215
4716,Nintendo DS,DSi,1,2216
4717,Nintendo DS,DSi,1,2217
4718,Nintendo DS,DSi,1,2218
4719,Nintendo DS,DSi,1,2219
4720,Nintendo DS,DSi,1,2220
4721,Nintendo DS,DSi,1,2221
4722,Nintendo DS,DSi,1,2222
4723,Nintendo DS,DSi,1,2223
4724,Nintendo DS,DSi,1,2224
4725,Nintendo DS,DSi,1,2225
4726,Nintendo DS,DSi,1,2226
4727,Nintendo DS,DSi,1,2227
4728,Nintendo DS,DSi,1,2228
4729,Nintendo DS,DSi,1,2229
4730,Nintendo DS,DSi,1,2230
4731,Nintendo DS,DSi,1,2231
4732,Nintendo DS,DSi,1,2232
4733,Nintendo DS,DSi,1,2233
4734,Nintendo DS,DSi,1,2234
4735,Nintendo DS,DSi,1,2235
4736,Nintendo DS,DSi,1,2236
4737,Nintendo DS,DSi,1,2237
4738,Nintendo DS,DSi,1,2238
4739,Nintendo DS,DSi,1,2239
4740,Nintendo DS,DSi,1,2240
4741,Nintendo DS,DSi,1,2241
4742,Nintendo DS,DSi,1,2242
4743,Nintendo DS,DSi,1,2243
4744,Nintendo DS,DSi,1,2244
4745,Nintendo DS,DSi,1,2245
4746,Nintendo DS,DSi,1,2246
4747,Nintendo DS,DSi,1,2247
4748,Nintendo DS,DSi,1,2248
4749,Nintendo DS,DSi,1,2249
4750,Nintendo DS,DSi,1,2250
4751,Nintendo DS,DSi,1,2251
4752,Nintendo DS,DSi,1,2252
4753,Nintendo DS,DSi,1,2253
4754,Nintendo DS,DSi,1,2254
4755,Nintendo DS,DSi,1,2255
4756,Nintendo DS,DSi,1,2256
4757,Nintendo DS,DSi,1,2257
4758,Nintendo DS,DSi,1,2258
4759,Nintendo DS,DSi XL,1,2259
4760,Nintendo DS,DSi XL,1,2260
4761,Nintendo DS,DSi XL,1,2261
4762,Nintendo DS,DSi XL,1,2262
4763,Nintendo DS,DSi XL,1,2263
4764,Nintendo DS,DSi XL,1,2264
4765,Nintendo DS,DSi XL,1,2265
4766,Nintendo DS,DSi XL,1,2266
4767,Nintendo DS,DSi XL,1,2267
4768,Nintendo DS,DSi XL,1,2268
4769,Nintendo DS,DSi XL,1,2269
4770,Nintendo DS,DSi XL,1,2270
4771,Nintendo DS,DSi XL,1,2271
4772,Nintendo DS,DSi XL,1,2272
4773,Nintendo DS,DSi XL,1,2273
4774,Nintendo DS,DSi XL,1,2274
4775,Nintendo DS,DSi XL,1,2275
4776,Nintendo DS,DSi XL,1,2276
4777,Nintendo DS,DSi XL,1,2277
4778,Nintendo DS,DSi XL,1,2278
4779,Nintendo DS,DSi XL,1,2279
4780,Nintendo DS,DSi XL,1,2280
4781,Nintendo DS,DSi XL,1,2281
4782,Nintendo DS,DSi XL,1,2282
4783,Nintendo DS,DSi XL,1,2283
4784,Nintendo DS,DSi XL,1,2284
4785,Nintendo DS,DSi XL,1,2285
4786,Nintendo DS,DSi XL,1,2286
4787,Nintendo DS,DSi XL,1,2287
4788,Nintendo DS,DSi XL,1,2288
4789,Nintendo DS,DSi XL,1,2289
4790,Nintendo DS,DSi XL,1,2290
4791,Nintendo DS,DSi XL,1,2291
4792,Nintendo DS,DSi XL,1,2292
4793,Nintendo DS,DSi XL,1,2293
4794,Nintendo DS,DSi XL,1,2294
4795,Nintendo DS,DSi XL,1,2295
4796,Nintendo DS,DSi XL,1,2296
4797,Nintendo DS,DSi XL,1,2297
4798,Nintendo DS,DSi XL,1,2298
4799,Nintendo DS,DSi XL,1,2299
4800,Nintendo DS,DSi XL,1,2300
4801,Nintendo DS,DSi XL,1,2301
4802,Nintendo DS,DSi XL,1,2302
4803,Nintendo DS,DSi XL,1,2303
4804,Nintendo DS,DSi XL,1,2304
4805,Nintendo DS,DSi XL,1,2305
4806,Playstation Portable,Regular,0,2306
4807,Playstation Portable,Regular,0,2307
4808,Playstation Portable,Regular,0,2308
4809,Playstation Portable,Regular,0,2309
4810,Playstation Portable,Regular,0,2310
4811,Playstation Portable,Regular,0,2311
4812,Playstation Portable,Regular,0,2312
4813,Playstation Portable,Regular,0,2313
4814,Playstation Portable,Regular,0,2314
4815,Playstation Portable,Regular,0,2315
4816,Playstation Portable,Regular,0,2316
4817,Playstation Portable,Regular,0,2317
4818,Playstation Portable,Regular,0,2318
4819,Playstation Portable,Regular,0,2319
4820,Playstation Portable,Regular,0,2320
4821,Playstation Portable,Regular,0,2321
4822,Playstation Portable,Regular,0,2322
4823,Playstation Portable,Regular,0,2323
4824,Playstation Portable,Regular,0,2324
4825,Playstation Portable,Regular,0,2325
4826,Playstation Portable,Regular,0,2326
4827,Playstation Portable,Regular,0,2327
4828,Playstation Portable,Regular,0,2328
4829,Playstation Portable,Regular,0,2329
4830,Playstation Portable,Regular,0,2330
4831,Playstation Portable,Regular,0,2331
4832,Playstation Portable,Regular,0,2332
4833,Playstation Portable,Regular,0,2333
4834,Playstation Portable,Regular,0,2334
4835,Playstation Portable,Regular,0,2335
4836,Playstation Portable,Regular,0,2336
4837,Playstation Portable,Regular,0,2337
4838,Playstation Portable,Regular,0,2338
4839,Playstation Portable,Regular,0,2339
4840,Playstation Portable,Regular,0,2340
4841,Playstation Portable,Regular,0,2341
4842,Playstation Portable,Regular,0,2342
4843,Playstation Portable,Regular,0,2343
4844,Playstation Portable,Regular,0,2344
4845,Playstation Portable,2000,0,2345
4846,Playstation Portable,2000,0,2346
4847,Playstation Portable,2000,0,2347
4848,Playstation Portable,2000,0,2348
4849,Playstation Portable,2000,0,2349
4850,Playstation Portable,2000,0,2350
4851,Playstation Portable,2000,0,2351
4852,Playstation Portable,2000,0,2352
4853,Playstation Portable,2000,0,2353
4854,Playstation Portable,2000,0,2354
4855,Playstation Portable,2000,0,2355
4856,Playstation Portable,2000,0,2356
4857,Playstation Portable,2000,0,2357
4858,Playstation Portable,2000,0,2358
4859,Playstation Portable,2000,0,2359
4860,Playstation Portable,2000,0,2360
4861,Playstation Portable,2000,0,2361
4862,Playstation Portable,2000,0,2362
4863,Playstation Portable,2000,0,2363
4864,Playstation Portable,2000,0,2364
4865,Playstation Portable,2000,0,2365
4866,Playstation Portable,2000,0,2366
4867,Playstation Portable,2000,0,2367
4868,Playstation Portable,2000,0,2368
4869,Playstation Portable,2000,0,2369
4870,Playstation Portable,2000,0,2370
4871,Playstation Portable,2000,0,2371
4872,Playstation Portable,2000,0,2372
4873,Playstation Portable,2000,0,2373
4874,Playstation Portable,2000,0,2374
4875,Playstation Portable,2000,0,2375
4876,Playstation Portable,2000,0,2376
4877,Playstation Portable,2000,0,2377
4878,Playstation Portable,2000,0,2378
4879,Playstation Portable,2000,0,2379
4880,Playstation Portable,2000,0,2380
4881,Playstation Portable,2000,0,2381
4882,Playstation Portable,2000,0,2382
4883,Playstation Portable,3000,0,2383
4884,Playstation Portable,3000,0,2384
4885,Playstation Portable,3000,0,2385
4886,Playstation Portable,3000,0,2386
4887,Playstation Portable,3000,0,2387
4888,Playstation Portable,3000,0,2388
4889,Playstation Portable,3000,0,2389
4890,Playstation Portable,3000,0,2390
4891,Playstation Portable,3000,0,2391
4892,Playstation Portable,3000,0,2392
4893,Playstation Portable,3000,0,2393
4894,Playstation Portable,3000,0,2394
4895,Playstation Portable,3000,0,2395
4896,Playstation Portable,3000,0,2396
4897,Playstation Portable,3000,0,2397
4898,Playstation Portable,3000,0,2398
4899,Playstation Portable,3000,0,2399
4900,Playstation Portable,3000,0,2400
4901,Playstation Portable,3000,0,2401
4902,Playstation Portable,3000,0,2402
4903,Playstation Portable,3000,0,2403
4904,Playstation Portable,3000,0,2404
4905,Playstation Portable,3000,0,2405
4906,Playstation Portable,3000,0,2406
4907,Playstation Portable,3000,0,2407
4908,Playstation Portable,3000,0,2408
4909,Playstation Portable,3000,0,2409
4910,Playstation Portable,3000,0,2410
4911,Playstation Portable,3000,0,2411
4912,Playstation Portable,3000,0,2412
4913,Playstation Portable,3000,0,2413
4914,Playstation Portable,3000,0,2414
4915,Playstation Portable,3000,0,2415
4916,Playstation Portable,3000,0,2416
4917,Playstation Portable,3000,0,2417
4918,Playstation Portable,3000,0,2418
4919,Playstation Portable,3000,0,2419
4920,Playstation Portable,3000,0,2420
4921,Playstation Portable,Go,0,2421
4922,Playstation Portable,Go,0,2422
4923,Playstation Portable,Go,0,2423
4924,Playstation Portable,Go,0,2424
4925,Playstation Portable,Go,0,2425
4926,Playstation Portable,Go,0,2426
4927,Playstation Portable,Go,0,2427
4928,Playstation Portable,Go,0,2428
4929,Playstation Portable,Go,0,2429
4930,Playstation Portable,Go,0,2430
4931,Playstation Portable,Go,0,2431
4932,Playstation Portable,Go,0,2432
4933,Playstation Portable,Go,0,2433
4934,Playstation Portable,Go,0,2434
4935,Playstation Portable,Go,0,2435
4936,Playstation Portable,Go,0,2436
4937,Playstation Portable,Go,0,2437
4938,Playstation Portable,Go,0,2438
4939,Playstation Portable,Go,0,2439
4940,Playstation Portable,Go,0,2440
4941,Playstation Portable,Go,0,2441
4942,Playstation Portable,Go,0,2442
4943,Playstation Portable,Go,0,2443
4944,Playstation Portable,Go,0,2444
4945,Playstation Portable,Go,0,2445
4946,Playstation Portable,Go,0,2446
4947,Playstation Portable,Go,0,2447
4948,Playstation Portable,Go,0,2448
4949,Playstation Portable,Go,0,2449
4950,Playstation Portable,Go,0,2450
4951,Playstation Portable,Go,0,2451
4952,Playstation Portable,Go,0,2452
4953,Playstation Portable,Go,0,2453
4954,Playstation Portable,Go,0,2454
4955,Playstation Portable,Go,0,2455
4956,Playstation Portable,Go,0,2456
4957,Playstation Portable,Go,0,2457
4958,Playstation Portable,Go,0,2458
4959,Playstation Portable,E1000,0,2459
4960,Playstation Portable,E1000,0,2460
4961,Playstation Portable,E1000,0,2461
4962,Playstation Portable,E1000,0,2462
4963,Playstation Portable,E1000,0,2463
4964,Playstation Portable,E1000,0,2464
4965,Playstation Portable,E1000,0,2465
4966,Playstation Portable,E1000,0,2466
4967,Playstation Portable,E1000,0,2467
4968,Playstation Portable,E1000,0,2468
4969,Playstation Portable,E1000,0,2469
4970,Playstation Portable,E1000,0,2470
4971,Playstation Portable,E1000,0,2471
4972,Playstation Portable,E1000,0,2472
4973,Playstation Portable,E1000,0,2473
4974,Playstation Portable,E1000,0,2474
4975,Playstation Portable,E1000,0,2475
4976,Playstation Portable,E1000,0,2476
4977,Playstation Portable,E1000,0,2477
4978,Playstation Portable,E1000,0,2478
4979,Playstation Portable,E1000,0,2479
4980,Playstation Portable,E1000,0,2480
4981,Playstation Portable,E1000,0,2481
4982,Playstation Portable,E1000,0,2482
4983,Playstation Portable,E1000,0,2483
4984,Playstation Portable,E1000,0,2484
4985,Playstation Portable,E1000,0,2485
4986,Playstation Portable,E1000,0,2486
4987,Playstation Portable,E1000,0,2487
4988,Playstation Portable,E1000,0,2488
4989,Playstation Portable,E1000,0,2489
4990,Playstation Portable,E1000,0,2490
4991,Playstation Portable,E1000,0,2491
4992,Playstation Portable,E1000,0,2492
4993,Playstation Portable,E1000,0,2493
4994,Playstation Portable,E1000,0,2494
4995,Playstation Portable,E1000,0,2495
4996,Playstation Portable,E1000,0,2496
4997,Playstation Portable,E1000,0,2497
4998,Playstation Portable,E1000,0,2498
4999,Playstation Portable,E1000,0,2499
5000,Playstation Portable,E1000,0,2500
